/* Δημιουργία πινάκων CPSV-AP */


/* Δημιουργία πίνακα κόστους και εισαγωγή records*/
/* --------------------------------------------- */
CREATE TABLE cost(
identifier 			VARCHAR(10) NOT NULL,
Value 				FLOAT UNSIGNED,
currency 			VARCHAR(3), 
description 		VARCHAR(1200),
sort_description 	VARCHAR(400),
weight 				SMALLINT UNSIGNED,
PRIMARY KEY (identifier),
FOREIGN KEY(currency) REFERENCES cvcurrency(code) ON DELETE CASCADE ON UPDATE CASCADE
);


INSERT INTO cost VALUES (
'Co0001', 
'84.4', 
'EUR', 
'Για διαβατήριο ενηλίκων και ανηλίκων άνω των 14 ετών (πενταετούς διάρκειας), απαιτείται παράβολο συνολικής αξίας 84,40, ευρώ το οποίο επιμερίζεται ως ακολούθως:
Παράβολο χαρτοσήμου: 22 ευρώ + 20% ΟΓΑ = αξίας 26,40 ευρώ,
Παράβολο Δημοσίου για τέλη εντύπου βιβλιαρίου: 53,00 ευρώ και
Παράβολο Δημοσίου για ταχυδρομικά τέλη: 5,00 ευρώ.',
'Αφορά διαβατήριο ενηλίκων και ανηλίκων άνω των 14 ετών (πενταετούς διάρκειας).',
'6');

INSERT INTO cost VALUES (
'Co0002', 
'73.6', 
'EUR', 
'Για διαβατήριο ανηλίκων έως 14 ετών (τριετούς διάρκειας), απαιτείται παράβολο συνολικής αξίας 73,60 ευρώ, το οποίο επιμερίζεται ως ακολούθως:
Παράβολο χαρτοσήμου: 13 ευρώ + 20% ΟΓΑ = αξίας 15,60 ευρώ,
Παράβολο Δημοσίου για τέλη εντύπου βιβλιαρίου: 53,00 ευρώ και
Παράβολο Δημοσίου για ταχυδρομικά τέλη: 5,00 ευρώ.',
'Αφορά διαβατήριο ανηλίκων έως 14 ετών (τριετούς διάρκειας).',
'5');

INSERT INTO cost VALUES (
'Co0003', 
'68.8', 
'EUR', 
'Για διαβατήρια που εκδίδονται κατ εξαίρεση, σε πολίτη που εμπίπτει στις διατάξεις απαγόρευση έκδοσης διαβατηρίου, όταν αυτή αίρεται  με δικαστική απόφαση ή εισαγγελική διάταξη ή εφόσον είναι αναγκαία η μετάβαση του στην αλλοδαπή για λόγους νοσηλείας, θανάτου ή σοβαρής ασθένειας  (διάρκειας 13 μηνών), απαιτείται παράβολο συνολικής αξίας 68,80 ευρώ, το οποίο επιμερίζεται ως ακολούθως:
Παράβολο χαρτοσήμου: 9 ευρώ + 20% ΟΓΑ = αξίας 10,80 ευρώ,
Παράβολο Δημοσίου για τέλη εντύπου βιβλιαρίου: 53,00 ευρώ και
Παράβολο Δημοσίου για ταχυδρομικά τέλη: 5,00 ευρώ.',
'Αφορά διαβατήρια που εκδίδονται κατ εξαίρεση, σε πολίτη που εμπίπτει στις διατάξεις απαγόρευση έκδοσης διαβατηρίου, όταν αυτή αίρεται  με δικαστική απόφαση ή εισαγγελική διάταξη ή εφόσον είναι αναγκαία η μετάβαση του στην αλλοδαπή για λόγους νοσηλείας, θανάτου ή σοβαρής ασθένειας  (διάρκειας 13 μηνών).',
'3');

INSERT INTO cost VALUES (
'Co0004', 
'63.4', 
'EUR', 
'Για διαβατήρια σε περιπτώσεις που η λήψη δακτυλικών αποτυπωμάτων είναι προσωρινά αδύνατη (διάρκειας 8 μηνών), απαιτείται παράβολο συνολικής αξίας 63,40 ευρώ, το οποίο επιμερίζεται ως ακολούθως:
Παράβολο χαρτοσήμου: 4,5 ευρώ + 20% ΟΓΑ = αξίας 5,40 ευρώ,
Παράβολο Δημοσίου για τέλη εντύπου βιβλιαρίου: 53,00 ευρώ και
Παράβολο Δημοσίου για ταχυδρομικά τέλη: 5,00 ευρώ.',
'Αφορά διαβατήρια σε περιπτώσεις που η λήψη δακτυλικών αποτυπωμάτων είναι προσωρινά αδύνατη (διάρκειας 8 μηνών).',
'2');

INSERT INTO cost VALUES (
'Co0005', 
'63.4', 
'EUR', 
'Για διαβατήρια περιπτώσεων μεταγωγής κρατουμένου από σωφρονιστικό κατάστημα της αλλοδαπής στην ημεδαπή και αντιστρόφως (διάρκειας 3 μηνών), απαιτείται παράβολο συνολικής αξίας 63,40 ευρώ, το οποίο επιμερίζεται ως ακολούθως:
Παράβολο χαρτοσήμου: 4,5 ευρώ + 20% ΟΓΑ = αξίας 5,40 ευρώ,
Παράβολο Δημοσίου για τέλη εντύπου βιβλιαρίου: 53,00 ευρώ και
Παράβολο Δημοσίου για ταχυδρομικά τέλη: 5,00 ευρώ.',
'Αφορά διαβατήρια περιπτώσεων μεταγωγής κρατουμένου από σωφρονιστικό κατάστημα της αλλοδαπής στην ημεδαπή και αντιστρόφως (διάρκειας 3 μηνών).',
'1');

INSERT INTO cost VALUES (
'Co0006', 
'58.0', 
'EUR', 
'Στις περιπτώσεις αντικατάστασης διαβατηρίου (με διάρκεια ίδια με αυτού που αντικαθίσταται), απαιτείται παράβολο συνολικής αξίας 58 ευρώ, το οποίο επιμερίζεται ως ακολούθως:
Παράβολο Δημοσίου για τέλη εντύπου βιβλιαρίου: 53,00 ευρώ και
Παράβολο Δημοσίου για ταχυδρομικά τέλη: 5,00 ευρώ.',
'Αφορά περιπτώσεις αντικατάστασης διαβατηρίου (με διάρκεια ίδια με αυτού που αντικαθίσταται).',
'4');



/* Δημιουργία πίνακα Δημοσίων Οργανισμών και εισαγωγή records*/
/* --------------------------------------------------------- */
CREATE TABLE publicorganization(
identifier 			VARCHAR(10) NOT NULL,
name 				VARCHAR(200),
preferredlabel 		VARCHAR(100),
PRIMARY KEY (identifier)
);

INSERT INTO publicorganization VALUES ('Po0001','ΕΛΛΗΝΙΚΗ ΑΣΤΥΝΟΜΙΑ','ΕΛ.ΑΣ.');




/* Δημιουργία πίνακα συσχέτισης Δημοσίων Οργανισμών και Χωρικών περιοχών και εισαγωγή records*/
/* ----------------------------------------------------------------------------------------- */
CREATE TABLE po_cvspatial(
identifier_po 		VARCHAR(10) NOT NULL,
code_cvspatial 		VARCHAR(10) NOT NULL,
PRIMARY KEY (identifier_po, code_cvspatial),
FOREIGN KEY(identifier_po) REFERENCES publicorganization(identifier) ON DELETE CASCADE ON UPDATE CASCADE,
FOREIGN KEY(code_cvspatial) REFERENCES cvspatial(code) ON DELETE CASCADE ON UPDATE CASCADE
);

INSERT INTO po_cvspatial VALUES('Po0001','Cvsp0105');




/* Δημιουργία πίνακα συσχέτισης Δημοσίων Οργανισμών και Κόστους και εισαγωγή records*/
/* -------------------------------------------------------------------------------- */
CREATE TABLE cost_Isdefinedby(
identifier_cost 	VARCHAR(10) NOT NULL,
identifier_po 		VARCHAR(10) NOT NULL,
PRIMARY KEY (identifier_cost, identifier_po),
FOREIGN KEY(identifier_cost) REFERENCES cost(identifier) ON DELETE CASCADE ON UPDATE CASCADE,
FOREIGN KEY(identifier_po) REFERENCES publicorganization(identifier) ON DELETE CASCADE ON UPDATE CASCADE
);

INSERT INTO cost_Isdefinedby VALUES('Co0001','Po0001');
INSERT INTO cost_Isdefinedby VALUES('Co0002','Po0001');
INSERT INTO cost_Isdefinedby VALUES('Co0003','Po0001');
INSERT INTO cost_Isdefinedby VALUES('Co0004','Po0001');
INSERT INTO cost_Isdefinedby VALUES('Co0005','Po0001');
INSERT INTO cost_Isdefinedby VALUES('Co0006','Po0001');



/* Δημιουργία πίνακα εξόδων του Διαβατηρίου και εισαγωγή records*/
/* ------------------------------------------------------------ */
CREATE TABLE output(
identifier 		VARCHAR(10) NOT NULL,
name 			VARCHAR(100),
description 	VARCHAR(1000),
weight 			SMALLINT UNSIGNED,
PRIMARY KEY (identifier)
);

INSERT INTO output VALUES('Ou0001','Διαβατήριο με διάρκεια 5 έτη', 'Το διαβατήριο 5ετούς διάρκειας εκδίδεται για ενήλικους και για ανήλικους άνω των 14 ετών', '6');
INSERT INTO output VALUES('Ou0002','Διαβατήριο με διάρκεια 3 έτη', 'Το διαβατήριο 3ετούς διάρκειας εκδίδεται για ανήλικους έως 14 ετών', '5');
INSERT INTO output VALUES('Ou0003','Διαβατήριο με διάρκεια 13 μήνες', 'Το διαβατήριο με διάρκεια 13 μήνες χορηγείται, κατ εξαίρεση, σε πολίτη που εμπίπτει στις διατάξεις απαγόρευση έκδοσης διαβατηρίου, όταν αυτή αίρεται  με δικαστική απόφαση ή εισαγγελική διάταξη ή εφόσον είναι αναγκαία η μετάβαση του στην αλλοδαπή για λόγους νοσηλείας, θανάτου ή σοβαρής ασθένειας.
', '3');
INSERT INTO output VALUES('Ou0004','Διαβατήριο με διάρκεια 8 μήνες', 'Το διαβατήριο με διάρκεια 8 μήνες χορηγείται αποκλειστικά και μόνο για τις περιπτώσεις που η λήψη δακτυλικών αποτυπωμάτων είναι προσωρινά αδύνατη', '2');
INSERT INTO output VALUES('Ou0005','Διαβατήριο με διάρκεια 3 μήνες', 'Το διαβατήριο με διάρκεια 3 μήνες χορηγείται στις
περιπτώσεις μεταγωγή κρατουμένου από σωφρονιστικό κατάστημα της αλλοδαπής στην ημεδαπή και αντιστρόφως', '1');
INSERT INTO output VALUES('Ou0006','Διαβατήριο με διάρκεια ίδια με αυτού που αντικαθίσταται', 'Το διαβατήριο με διάρκεια ίδια αυτού που αντικαθίσταται χορηγείται στις περιπτώσεις αντικατάστασης διαβατηρίου.', '4');



/* Δημιουργία πίνακα συσχέτισης εξόδου με Τύπο εξόδου και εισαγωγή records*/
/* ---------------------------------------------------------------------- */
CREATE TABLE output_cvoutputtype(
identifier_output 	VARCHAR(10) NOT NULL,
type 				VARCHAR(10) NOT NULL,
PRIMARY KEY (identifier_output, type),
FOREIGN KEY(identifier_output) REFERENCES output(identifier) ON DELETE CASCADE ON UPDATE CASCADE,
FOREIGN KEY(type) REFERENCES cvoutputtype(code) ON DELETE CASCADE ON UPDATE CASCADE
);

INSERT INTO output_cvoutputtype VALUES('Ou0001','Outype0001');
INSERT INTO output_cvoutputtype VALUES('Ou0001','Outype0007');
INSERT INTO output_cvoutputtype VALUES('Ou0002','Outype0001');
INSERT INTO output_cvoutputtype VALUES('Ou0002','Outype0007');
INSERT INTO output_cvoutputtype VALUES('Ou0003','Outype0001');
INSERT INTO output_cvoutputtype VALUES('Ou0003','Outype0007');
INSERT INTO output_cvoutputtype VALUES('Ou0004','Outype0001');
INSERT INTO output_cvoutputtype VALUES('Ou0004','Outype0007');
INSERT INTO output_cvoutputtype VALUES('Ou0005','Outype0001');
INSERT INTO output_cvoutputtype VALUES('Ou0005','Outype0007');
INSERT INTO output_cvoutputtype VALUES('Ou0006','Outype0001');
INSERT INTO output_cvoutputtype VALUES('Ou0006','Outype0007');


/* Δημιουργία πίνακα Καναλιών και εισαγωγή records*/
/* ---------------------------------------------- */
CREATE TABLE channel(
identifier 				VARCHAR(10) NOT NULL,
type 					VARCHAR(10) NOT NULL,
PRIMARY KEY (identifier),
FOREIGN KEY(type) REFERENCES cvchanneltype(code) ON DELETE CASCADE ON UPDATE CASCADE
);

INSERT INTO channel VALUES('Ch0001','Chtype0009');
INSERT INTO channel VALUES('Ch0002','Chtype0010');


/* Δημιουργία πίνακα συσχέτισης Καναλιού με Δημόσιο Οργανισμό και εισαγωγή records*/
/* ------------------------------------------------------------------------------ */
CREATE TABLE channel_po(
identifier_channel 	VARCHAR(10) NOT NULL,
identifier_po 		VARCHAR(10) NOT NULL,
PRIMARY KEY (identifier_channel, identifier_po),
FOREIGN KEY(identifier_channel) REFERENCES channel(identifier) ON DELETE CASCADE ON UPDATE CASCADE,
FOREIGN KEY(identifier_po) REFERENCES publicorganization(identifier) ON DELETE CASCADE ON UPDATE CASCADE
);

INSERT INTO channel_po VALUES('Ch0001','Po0001');
INSERT INTO channel_po VALUES('Ch0002','Po0001');



/* Δημιουργία πίνακα Γεγονότων Ζωής (Life Event) και εισαγωγή records*/
/* ---------------------------------------------------- */
CREATE TABLE lifeevent(
identifier 		VARCHAR(10) NOT NULL,
name 			VARCHAR(50) NOT NULL,
description 	VARCHAR(1000),
type 			VARCHAR(10),
PRIMARY KEY (identifier),
FOREIGN KEY(type) REFERENCES cvlifeeventtype(code) ON DELETE CASCADE ON UPDATE CASCADE
);

INSERT INTO lifeevent VALUES('Le0001','Ταξίδι στο εξωτερικό', 'Ταξίδι στο εξωτερικό', 'Letype0009');




/* Δημιουργία πίνακα Νομικών πηγών (Legal Resource) και εισαγωγή records*/
/* -------------------------------------------------------------------- */

CREATE TABLE legalresource(
identifier 		VARCHAR(10) NOT NULL,
name 			VARCHAR(60) NOT NULL,
description 	VARCHAR(1000) NOT NULL,
status 			VARCHAR(10),
PRIMARY KEY (identifier),
FOREIGN KEY(status) REFERENCES cvlrstatus(code) ON DELETE CASCADE ON UPDATE CASCADE
);


INSERT INTO legalresource VALUES('Lr0001','Ν.3103/2003 (ΦΕΚ 23/29-1-2003)', 'Ν.3103/2003 (Φ.Ε.Κ. 23/29-1-2003) - Έκδοση διαβατηρίων από την Ελληνική Αστυνομία και άλλες διατάξεις. 
Με το άρθρο 1 του Ν.3103/2003 ρυθμίζονται θέματα αρμοδιοτήτων σχετικά με την έκδοση διαβατηρίων. 
Μεταξύ άλλων η αρμοδιότητα για την έκδοση και χορήγηση των διαβατηρίων ανατέθηκε αποκλειστικά σε Κεντρική Υπηρεσία της Ελληνικής Αστυνομίας. Οι αρμοδιότητες που αφορούν τα διπλωματικά και υπηρεσιακά διαβατήρια, τα προσωρινά ταξιδιωτικά έγγραφα επαναπατρισμού Ελλήνων πολιτών και τα ταξιδιωτικά έγγραφα έκτακτης ανάγκης εξακολουθούν να ανήκουν στο Υπουργείο Εξωτερικών.', 'Lrst0001');

INSERT INTO legalresource VALUES('Lr0002','Π.Δ.126/2005 (ΦΕΚ 181/21-7-2005)', 'Π.Δ.126/2005 (Φ.Ε.Κ. 181/21-7-2005)  - Ίδρυση Διεύθυνσης Διαβατηρίων και άλλες διατάξεις» το οποίο κατήργησε το Π.Δ. 37/2004 (Φ.Ε.Κ. 33, τ.Α`).
Με το ΠΔ 126/2005 ιδρύθηκε η Δ/νση Διαβατηρίων σαν Κεντρική Υπηρεσία της Ελληνικής Αστυνομίας, ορίστηκαν τα τμήματα τα οποία διαρθρώνουν τη Δ/νση Διαβατηρίων, οι αρμοδιότητές τους και συστάθηκαν τα γραφεία Διαβατηρίων με τις αρμοδιότητες τους.', 'Lrst0001');
	
INSERT INTO legalresource VALUES('Lr0003','Π.Δ. 25/2004 (ΦΕΚ 17/30-1-2004)', 'Π.Δ. 25/2004 (Φ.Ε.Κ. 17/30-1-2004), «Προϋποθέσεις χορήγησης διαβατηρίων, χρονική ισχύς, αντικατάσταση, απώλεια και ακύρωση αυτών».
Με το ΠΔ 25/2004, ορίστηκαν οι προϋποθέσεις χορήγησης διαβατηρίου (ιθαγένεια, νομικές προϋποθέσεις, εξαιρέσεις  αυτών κλπ), η χρονική ισχύς των διαβατηρίων (αναλόγως προϋποθέσεων ηλικίας, κατάστασης του ενδιαφερόμενου κλπ), θέματα αντικατάστασης διαβατηρίων, θέματα απώλειας/κλοπής, θέματα ακύρωσης/αφαίρεσης αυτού, κ.α.', 'Lrst0001');

INSERT INTO legalresource VALUES('Lr0004','Π.Δ. 193/2005 (ΦΕΚ 234/ 27-9-2005)', 'Π.Δ. 193/2005 (Φ.Ε.Κ. 234/ 27-9-2005) - Τροποποίηση διατάξεων π.δ. 25/2004 «Προϋποθέσεις χορήγησης διαβατηρίων, χρονική ισχύς, αντικατάσταση, απώλεια και ακύρωση αυτών».
Με το ΠΔ 193/2005 επήλθαν τροποποιήσεις στο ΠΔ 25/2004.', 'Lrst0001');

INSERT INTO legalresource VALUES('Lr0005','Π.Δ. 135/2007 (ΦΕΚ 172/31-7-2007)', 'Π.Δ. 135/2007 (Φ.Ε.Κ. 172/31-7-2007), Τροποποίηση διατάξεων Π.Δ. 25/2004 «Προϋποθέσεις χορήγησης διαβατηρίων, χρονική ισχύς, αντικατάσταση, απώλεια και ακύρωση αυτών».
Με το ΠΔ 135/2007 επήλθαν τροποποιήσεις στο ΠΔ 25/2004.', 'Lrst0001');

INSERT INTO legalresource VALUES('Lr0006','Π.Δ. 30/2010 (ΦΕΚ 68/13-5-2010)', 'Π.Δ. 30/2010 (Φ.Ε.Κ. 68/13-5-2010), Τροποποίηση διατάξεων Π.Δ. 25/2004 «Προϋποθέσεις χορήγησης διαβατηρίων, χρονική ισχύς, αντικατάσταση, απώλεια και ακύρωση αυτών».
Με το ΠΔ 135/2007 επήλθαν τροποποιήσεις στο ΠΔ 25/2004.', 'Lrst0001');

INSERT INTO legalresource VALUES('Lr0007','Κ.Υ.Α. 3021/22/10/2005 (ΦΕΚ 932/6-7-2005, τ.Β)', 'Κ.Υ.Α. 3021/22/10/2005 (Φ.Ε.Κ. 932/6-7-2005, τ.Β`): «Δικαιολογητικά και διαδικασία έκδοσης, τύπος και περιεχόμενο ενδείξεων διαβατηρίου».
Με την ΚΥΑ 3021/22-10-2005, ορίστηκαν τα απαραίτητα δικαιολογητικά που πρέπει να υποβληθούν για την έκδοση διαβατηρίου, η διαδικασία ελέγχου τους από τις αρμόδιες υπηρεσίες παραλαβής, οι ενέργειες της κεντρικής υπηρεσίας έκδοσης διαβατηρίων μετά την παραλαβή των δικαιολογητικών (πχ έκδοση κατ’ εξαίρεση σε μία εργάσιμη ημέρα) και ο  τύπος, το σχήμα, το χρώμα και το περιεχόμενο ενδείξεων διαβατηρίου.', 'Lrst0001');

INSERT INTO legalresource VALUES('Lr0008','Κ.Υ.Α. 3021/22/10-δ/2005 (ΦΕΚ 1736, τ.Β`)', 'Κ.Υ.Α. 3021/22/10-δ/2005 (Φ.Ε.Κ. 1736, τ.Β`) - Τροποποίηση της 3021/22/10/2005 (Β΄ - 932) απόφασης των Υπουργών Οικονομίας και
Οικονομικών, Εξωτερικών και Δημόσιας Τάξης «Δικαιολογητικά και διαδικασία έκδοσης, τύπος και περιεχόμενο ενδείξεων διαβατηρίου».', 'Lrst0001');

INSERT INTO legalresource VALUES('Lr0009','Κ.Υ.Α. 3021/22/10-στ/2007 (ΦΕΚ 1053/17-8-2007 τ.Β)', 'Κ.Υ.Α. 3021/22/10-στ/2007 (Φ.Ε.Κ. 1053/17-8-2007 τ.Β) - Κ.Υ.Α. 3021/22/10-στ/2007 (Φ.Ε.Κ. 1053/17-8-2007 τ.Β) - Τροποποίηση διατάξεων της υπ’ αριθμ. 3021/22/10 από 28.6.2005 απόφασης των Υπουργών Οικονομίας και Οικονομικών, Εξωτερικών και Δημόσιας Τάξης «Δικαιολογητικά και διαδικασία έκδοσης, τύπος και περιεχόμενο ενδείξεων διαβατηρίου, χρονική ισχύς, αντικατάσταση, απώλεια και ακύρωση αυτών» (Β−932).', 'Lrst0001');

INSERT INTO legalresource VALUES('Lr0010','Κ.Υ.Α. 3021/22/10-θ/2010 (ΦΕΚ 1298/17-08-2010 τ.Β)', 'Κ.Υ.Α. 3021/22/10-θ/2010 (Φ.Ε.Κ. 1298/17-08-2010 τ.Β) - Κ.Υ.Α. 3021/22/10-θ/2010 (Φ.Ε.Κ. 1298/17-08-2010 τ.Β) - Τροποποίηση διατάξεων της 3021/22/10/28−6−2005 απόφασης των Υπουργών Οικονομίας και Οικονομικών, Εξωτερικών και Δημόσιας Τάξης «Δικαιολογητικά και διαδικασία έκδοσης, τύπος και περιεχόμενο ενδείξεων διαβατηρίου, χρονική ισχύς, αντικατάσταση, απώλεια και ακύρωση αυτών» (Β− 932), όπως ισχύει.', 'Lrst0001');

INSERT INTO legalresource VALUES('Lr0011','Κ.Υ.Α. 3021/22/10-ζ /2015 (ΦΕΚ 2702/14-12-2015 τ.Β)', 'Κ.Υ.Α. 3021/22/10-ζ /2015 (Φ.Ε.Κ 2702/14-12-2015 τ.Β) - Κ.Υ.Α. 3021/22/10-ζ /2015 (Φ.Ε.Κ 2702/14-12-2015 τ.Β) - Τροποποίηση της υπ’ αριθ. 3021/22/10/28−06−2005 απόφασης «Δικαιολογητικά και διαδικασία έκδοσης, τύπος και περιεχόμενο ενδείξεων διαβατηρίου» (Β 932), όπως τροποποιήθηκε από την υπ’ αριθ. 3021/22/10στ΄/26−07−2007 όμοια (Β΄ 1503).', 'Lrst0001');

INSERT INTO legalresource VALUES('Lr0012','Π.Δ. 292/2003 (ΦΕΚ 248/Α/ 30.10.2003)', 'Π.Δ. 292/2003 (ΦΕΚ 248/Α/ 30.10.2003): Κωδικοποίηση διατάξεων νόμων στρατολογικής φύσης.
Με την παρ.1δ του άρθρου 88 του ν. 3421/2005 το ΠΔ 292/2003 καταργήθηκε μερικώς.', 'Lrst0003');

INSERT INTO legalresource VALUES('Lr0013','Ν. 3421/05 (ΦΕΚ – 302 Α /13-12-2005)', 'Ν. 3421/05 (ΦΕΚ – 302 Α /13-12-2005): Στρατολογία των Ελλήνων και άλλες διατάξεις.
Με το άρθρο 54 του ν. 3421/2005 ρυθμίζονται θέματα χορήγησης ή θεώρησης διαβατηρίων στους ανυπότακτους και λιποτάκτες.
Σχετική παρ.4 άρθρου 1 ΠΔ 25/2004, όπως ισχύει.', 'Lrst0001');



/* Δημιουργία πίνακα συσχέτισης Νομικής πηγής με Γλώσσα και εισαγωγή records*/
/* ------------------------------------------------------------------------ */
CREATE TABLE legalresource_cvlanguage(
identifier_lr 		VARCHAR(10) NOT NULL,
code_language 		VARCHAR(3) NOT NULL,
PRIMARY KEY (identifier_lr, code_language),
FOREIGN KEY(identifier_lr) REFERENCES legalresource(identifier) ON DELETE CASCADE ON UPDATE CASCADE,
FOREIGN KEY(code_language) REFERENCES cvlanguage(code) ON DELETE CASCADE ON UPDATE CASCADE
);

INSERT INTO legalresource_cvlanguage VALUES('Lr0001','EL');
INSERT INTO legalresource_cvlanguage VALUES('Lr0002','EL');
INSERT INTO legalresource_cvlanguage VALUES('Lr0003','EL');
INSERT INTO legalresource_cvlanguage VALUES('Lr0004','EL');
INSERT INTO legalresource_cvlanguage VALUES('Lr0005','EL');
INSERT INTO legalresource_cvlanguage VALUES('Lr0006','EL');
INSERT INTO legalresource_cvlanguage VALUES('Lr0007','EL');
INSERT INTO legalresource_cvlanguage VALUES('Lr0008','EL');
INSERT INTO legalresource_cvlanguage VALUES('Lr0009','EL');
INSERT INTO legalresource_cvlanguage VALUES('Lr0010','EL');
INSERT INTO legalresource_cvlanguage VALUES('Lr0011','EL');
INSERT INTO legalresource_cvlanguage VALUES('Lr0012','EL');
INSERT INTO legalresource_cvlanguage VALUES('Lr0013','EL');




/* Δημιουργία πίνακα κριτήριων εκπλήρωσης για την παροχή της υπηρεσίας και εισαγωγή records*/
/* --------------------------------------------------------------------------------------- */
CREATE TABLE criterionrequirement(
identifier 			VARCHAR(10) NOT NULL,
name 				VARCHAR(100),
description 		VARCHAR(1500),
sort_description 	VARCHAR(400),
PRIMARY KEY (identifier)
);


INSERT INTO criterionrequirement values(
'Cr0001',
'ΥΠΗΚΟΟΤΗΤΑ',
'1) Τα διαβατήρια είναι ατομικά και χορηγούνται σε Έλληνες  Πολίτες.',
'1) Ο ενδιαφερόμενος πρέπει να είναι Έλληνας πολίτης.');

INSERT INTO criterionrequirement values(
'Cr0002',
'ΠΟΙΝΙΚΕΣ ΠΡΟΥΠΟΘΕΣΕΙΣ',
'2) Δεν χορηγείται διαβατήριο σε πρόσωπο που: 
a. Έχει καταδικασθεί τελεσίδικα για πλαστογραφία, πλαστογραφία πιστοποιητικών, υπεξαγωγή εγγράφων, ψευδή ανώμοτη κατάθεση ή ψευδή δήλωση, εφόσον η τέλεση αυτών σχετίζεται με την έκδοση, τη χρήση, την απώλεια ή την κλοπή διαβατηρίου, ή για αρπαγή, εμπόριο δούλων, εμπορία ανθρώπων, αρπαγή ανηλίκων, ακούσια απαγωγή, σωματεμπορία ή διακίνηση λαθρομεταναστών. Η απαγόρευση ισχύει για 5 έτη από την έκδοση της καταδικαστικής απόφασης αν πρόκειται για πλημμέλημα και για 10 έτη από την έκδοση της καταδικαστικής απόφασης αν πρόκειται για κακούργημα και εφόσον και στις δύο περιπτώσεις η ποινή έχει εκτιθεί.
b. Έχει ασκηθεί σε βάρος του ποινική δίωξη για κακούργημα ή για αδίκημα της περίπτωσης α και για όσο χρόνο διαρκεί η εκκρεμοδικία.
c. Εκκρεμεί σε βάρος του μέτρο απαγόρευσης εξόδου από τη χώρα.
d. Έχει κηρυχθεί ανυπότακτος ή λιποτάκτης.
e. Εκτίει στερητική της ελευθερίας ποινή ή είναι υπόδικος και του έχει επιβληθεί προσωρινή κράτηση.',
'2)  Δεν χορηγείται διαβατήριο σε πρόσωπο που έχει καταδικαστεί για συγκεκριμένα αδικήματα ή υπάρχουν κώλυμα σύμφωνα με τον νόμο.');

INSERT INTO criterionrequirement values(
'Cr0003',
'ΕΞΑΙΡΕΣΕΙΣ ΠΟΙΝΙΚΩΝ ΠΡΟΥΠΟΘΕΣΕΩΝ',
'3) Κατ εξαίρεση επιτρέπεται η χορήγηση διαβατηρίου σε πολίτη που εμπίπτει σε απαγόρευση της προηγούμενης παραγράφου :
a. Σε περίπτωση που με δικαστική απόφαση ή εισαγγελική διάταξη, αίρεται προσωρινά η απαγόρευση εξόδου από τη Χώρα και 
b. Εφόσον είναι αναγκαία η μετάβασή του στην αλλοδαπή:
ba. Σε περίπτωση νοσηλείας στην αλλοδαπή του ιδίου ή του συζύγου ή συγγενούς αυτού εξ αίματος ή εξ αγχιστείας μέχρι β΄ βαθμού για σοβαρούς λόγους υγείας.
bb. Σε περίπτωση θανάτου ή σοβαρής ασθένειας στην αλλοδαπή του συζύγου ή συγγενούς αυτού εξ αίματος ή εξ αγχιστείας μέχρι β΄ βαθμού.
Ο ενδιαφερόμενος υποχρεούται, μόλις εκλείψει η αιτία για την οποία εκδόθηκε το διαβατήριο ή παρέλθει το χρονικό διάστημα προσωρινής άρσης του μέτρου, να παραδώσει αυτό προς ακύρωση στην υπηρεσία όπου κατέθεσε το αίτημα. Αν το διαβατήριο δεν παραδοθεί εντός (2) μηνών από την έκδοσή του, ο ενδιαφερόμενος υποχρεούται να υποβάλει υπεύθυνη δήλωση στην αρμόδια αστυνομική ή προξενική αρχή για τη χρήση του διαβατηρίου και τους λόγους μη παράδοσής του.
Εφόσον η αιτία για την οποία εκδόθηκε το διαβατήριο εξακολουθεί, ο ενδιαφερόμενος υποχρεούται σε νέα υπεύθυνη δήλωση, εντός δύο μηνών από την υποβολή της προηγούμενης. Αν δεν υποβληθεί η υπεύθυνη δήλωση, το διαβατήριο ακυρώνεται από την υπηρεσία.',
'3) Κατ εξαίρεση επιτρέπεται η χορήγηση διαβατηρίου σε πολίτη που του έχει απαγορευτεί η έξοδος από την χώρα, με δικαστική απόφαση ή εισαγγελική διάταξη, ή εφόσον είναι αναγκαία η μετάβασή του στην αλλοδαπή για ειδικούς λόγους.');

INSERT INTO criterionrequirement values(
'Cr0004',
'ΑΝΥΠΟΤΑΚΤΟΙ ΕΞΩΤΕΡΙΚΟΥ-ΚΡΑΤΟΥΜΕΝΟΙ',
'4) Επίσης, επιτρέπεται η χορήγηση διαβατηρίου :
a. Στους ανυπότακτους του εξωτερικού αποκλειστικά :
- Για τα χρονικά διαστήματα παραμονής τους στην Ελλάδα έως 40 ημέρες για την άσκηση του εκλογικού τους δικαιώματος ή 
- Για την είσοδο και παραμονή στην Ελλάδα έως 30 ημέρες συνολικά ή τμηματικά κατ έτος ή έως 3 μήνες στις περιπτώσεις που η είσοδος και παραμονή στην Ελλάδα επιβάλλεται για λόγους προσωπικής ασφάλειας, εξαιτίας σοβαρών, πασίδηλων γεγονότων, που συμβαίνουν στις χώρες διαμονής τους, όπως εξεγέρσεις, πόλεμοι ή θεομηνίες.
b. Σε περίπτωση μεταγωγής κρατουμένου από σωφρονιστικό κατάστημα της αλλοδαπής στην ημεδαπή και αντιστρόφως. Στην τελευταία αυτή περίπτωση το διαβατήριο επιστρέφεται στη Διεύθυνση Διαβατηρίων αμέσως μόλις εκλείψει η αιτία για την οποία εκδόθηκε και τηρείται στην υπηρεσία αυτή μέχρι τη λήξη του χρόνου ισχύος του.',
'4) Επίσης, επιτρέπεται η χορήγηση διαβατηρίου στους ανυπότακτους του εξωτερικού για εξαιρετικούς λόγους,καθώς και σε περίπτωση μεταγωγής κρατουμένου από σωφρονιστικό κατάστημα της αλλοδαπής στην ημεδαπή και αντιστρόφως.');

INSERT INTO criterionrequirement values(
'Cr0005',
'ΥΠΟΒΟΛΗ ΑΙΤΗΣΗΣ',
'5) Για τη χορήγηση διαβατηρίου απαιτείται η υποβολή αιτήσεως του ενδιαφερομένου στις καθορισμένες υπηρεσίες μαζί με τα κατά περίπτωση απαιτούμενα δικαιολογητικά. 
Η αίτηση για χορήγηση διαβατηρίου σε ανήλικο κάτω των 18 ετών υποβάλλεται από τον ασκούντα την επιμέλεια ή την επιτροπεία αυτού. Επίσης, η αίτηση για τη χορήγηση διαβατηρίου σε ενήλικο που έχει τεθεί σε δικαστική συμπαράσταση υποβάλλεται από το δικαστικό συμπαραστάτη του. 
Στην περίπτωση μεταγωγής κρατουμένου το διαβατήριο εκδίδεται κατόπιν αιτήσεώς του ή αυτεπαγγέλτως και αποκλειστικώς για το λόγο της μεταγωγής με βάση έγγραφο της αρχής που διέταξε τη μεταγωγή στο οποίο αναφέρονται τα στοιχεία του κρατουμένου και ο χρόνος μεταγωγής.',
'5) Για τη χορήγηση διαβατηρίου απαιτείται η υποβολή αιτήσεως του ενδιαφερομένου στις καθορισμένες υπηρεσίες μαζί με τα κατά περίπτωση απαιτούμενα δικαιολογητικά.');



/* Δημιουργία πίνακα ερωτήσεων για τα απαιτούμενα δικαιολογητικά και εισαγωγή records*/
/* --------------------------------------------------------------------------------- */
CREATE TABLE questionfordoc(
identifier 		VARCHAR(10) NOT NULL,
description 	VARCHAR(200) NOT NULL,
aa 				SMALLINT UNSIGNED,
PRIMARY KEY (identifier)
);

INSERT INTO questionfordoc VALUES ('Q0001','Περίπτωση έκδοσης','1' );
INSERT INTO questionfordoc VALUES ('Q0002','Ηλικιακό Profile','2');
INSERT INTO questionfordoc VALUES ('Q0003','Πρόβλημα αυτοπρόσωπης παρουσίας','3');
INSERT INTO questionfordoc VALUES ('Q0004','Κατ εξαίρεση έκδοση διαβατηρίου παρά την απαγόρευση εξόδου από τη χώρα','4');
INSERT INTO questionfordoc VALUES ('Q0005','Πρόβλημα λήψης δακτυλικών αποτυπωμάτων για ενδιαφερόμενο άνω των 12 ετών','5');
INSERT INTO questionfordoc VALUES ('Q0006','Μεταγωγή κρατουμένου','6');
INSERT INTO questionfordoc VALUES ('Q0007','Μόνιμος κάτοικος εξωτερικού χωρίς ΑΤ','7');
INSERT INTO questionfordoc VALUES ('Q0008','Πρόβλημα στη υποβαλόμενη φωτογραφία λόγω προβλημάτων με την όραση','8');
INSERT INTO questionfordoc VALUES ('Q0009','Ενδιαφερόμενος υπό επιτροπεία ή δικαστική συμπαράσταση','9');
INSERT INTO questionfordoc VALUES ('Q0010','Ενδιαφερόμενος ενήλικος ανυπότακτος εξωτερικού ?','10');
INSERT INTO questionfordoc VALUES ('Q0011','Επείγουσα έκδοση διαβατηρίου εντός μίας (1) εργάσιμης ημέρας','11');
INSERT INTO questionfordoc VALUES ('Q0012','Κατ εξαίρεση χορήγηση διαβατηρίου για νοσηλεία στην αλλοδαπή, μετά από κλοπή/απώλεια, πριν την ολοκλήρωση των ερευνών','12');




/* Δημιουργία πίνακα Απαντήσεων για τα απαιτούμενα δικαιολογητικά και εισαγωγή records*/
/* ---------------------------------------------------------------------------------- */
CREATE TABLE answerfordoc(
identifier 		VARCHAR(10) NOT NULL,
name 			VARCHAR(200) NOT NULL,
description 	VARCHAR(1200),
output 			VARCHAR(10),
cost 			VARCHAR(10),
PRIMARY KEY (identifier),
FOREIGN KEY(output) REFERENCES output(identifier) ON DELETE CASCADE ON UPDATE CASCADE,
FOREIGN KEY(cost) REFERENCES cost(identifier) ON DELETE CASCADE ON UPDATE CASCADE
);


INSERT INTO answerfordoc VALUES('A0001','Περίπτωση έκδοσης-Αρχική έκδοση', NULL, NULL, NULL);
INSERT INTO answerfordoc VALUES('A0002','Περίπτωση έκδοσης-Ανανέωση', NULL, NULL, NULL);
INSERT INTO answerfordoc VALUES('A0003','Περίπτωση έκδοσης-Αντικατάσταση', NULL, 'OU0006', 'Co0006');
INSERT INTO answerfordoc VALUES('A0004','Περίπτωση έκδοσης-Απώλεια / κλοπή', NULL, NULL, NULL);
INSERT INTO answerfordoc VALUES('A0005','Ηλικιακό Profile-Ενήλικος', NULL, 'OU0001', 'Co0001');
INSERT INTO answerfordoc VALUES('A0006','Ηλικιακό Profile-Ανήλικος  <12', NULL, 'OU0002', 'Co0002');
INSERT INTO answerfordoc VALUES('A0007','Ηλικιακό Profile-Ανήλικος  =12', NULL, 'OU0002', 'Co0002');
INSERT INTO answerfordoc VALUES('A0008','Ηλικιακό Profile-Ανήλικος  13-14', NULL, 'OU0002', 'Co0002');
INSERT INTO answerfordoc VALUES('A0009','Ηλικιακό Profile-Ανήλικος  >14', NULL, 'OU0001', 'Co0001');
INSERT INTO answerfordoc VALUES('A0010','Πρόβλημα αυτοπρόσωπης παρουσίας-ΝΑΙ', NULL, NULL, NULL);
INSERT INTO answerfordoc VALUES('A0011','Πρόβλημα αυτοπρόσωπης παρουσίας-ΌΧΙ', NULL, NULL, NULL);
INSERT INTO answerfordoc VALUES('A0012','Κατ εξαίρεση έκδοση διαβατηρίου παρά την απαγόρευση εξόδου από τη χώρα-ΝΑΙ', NULL, 'OU0003', 'Co0003');
INSERT INTO answerfordoc VALUES('A0013','Κατ εξαίρεση έκδοση διαβατηρίου παρά την απαγόρευση εξόδου από τη χώρα-ΌΧΙ', NULL, NULL, NULL);
INSERT INTO answerfordoc VALUES('A0014','Υπάρχει πρόβλημα λήψης δακτυλικών αποτυπωμάτων-ΌΧΙ', NULL, NULL, NULL);
INSERT INTO answerfordoc VALUES('A0015','Υπάρχει πρόβλημα λήψης δακτυλικών αποτυπωμάτων-ΜΟΝΙΜΗ ΑΝΑΠΗΡΙΑ', NULL, NULL, NULL);
INSERT INTO answerfordoc VALUES('A0016','Υπάρχει πρόβλημα λήψης δακτυλικών αποτυπωμάτων-ΠΡΟΣΩΡΙΝΗ ΑΝΑΠΗΡΙΑ', NULL, 'OU0004', 'Co0004');
INSERT INTO answerfordoc VALUES('A0017','Το διαβατήριο αφορά μεταγωγή κρατουμένου-ΝΑΙ', NULL, 'OU0005', 'Co0005');
INSERT INTO answerfordoc VALUES('A0018','Το διαβατήριο αφορά μεταγωγή κρατουμένου-ΌΧΙ', NULL, NULL, NULL);
INSERT INTO answerfordoc VALUES('A0019','Το διαβατήριο αφορά μόνιμο κάτοικο εξωτερικού χωρίς ΑΤ-ΝΑΙ', NULL, NULL, NULL);
INSERT INTO answerfordoc VALUES('A0020','Το διαβατήριο αφορά μόνιμο κάτοικο εξωτερικού χωρίς ΑΤ-ΌΧΙ', NULL, NULL, NULL);
INSERT INTO answerfordoc VALUES('A0021','Υπάρχει πρόβλημα στη υποβαλόμενη φωτογραφία λόγω προβλημάτων με την όραση-ΝΑΙ', NULL, NULL, NULL);
INSERT INTO answerfordoc VALUES('A0022','Υπάρχει πρόβλημα στη υποβαλόμενη φωτογραφία λόγω προβλημάτων με την όραση-ΌΧΙ', NULL, NULL, NULL);
INSERT INTO answerfordoc VALUES('A0023','Ο ενδιαφερόμενος είναι υπό επιτροπεία-ΝΑΙ', NULL, NULL, NULL);
INSERT INTO answerfordoc VALUES('A0024','Ο ενδιαφερόμενος είναι υπό επιτροπεία-ΌΧΙ', NULL, NULL, NULL);
INSERT INTO answerfordoc VALUES('A0025','Ο ενδιαφερόμενος είναι ανυπότακτος εξωτερικού-ΝΑΙ', NULL, NULL, NULL);
INSERT INTO answerfordoc VALUES('A0026','Ο ενδιαφερόμενος είναι ανυπότακτος εξωτερικού-ΌΧΙ', NULL, NULL, NULL);
INSERT INTO answerfordoc VALUES('A0027','Απαιτείται επείγουσα έκδοση διαβατηρίου εντός μίας (1) εργάσιμης ημέρας-ΝΑΙ', NULL, NULL, NULL);
INSERT INTO answerfordoc VALUES('A0028','Απαιτείται επείγουσα έκδοση διαβατηρίου εντός μίας (1) εργάσιμης ημέρας-ΌΧΙ', NULL, NULL, NULL);
INSERT INTO answerfordoc VALUES('A0029','Απαιτείται κατ εξαίρεση χορήγηση διαβατηρίου για νοσηλεία στην αλλοδαπή, μετά από κλοπής/απώλειας, πριν την ολοκλήρωση των ερευνών-ΝΑΙ', NULL, NULL, NULL);
INSERT INTO answerfordoc VALUES('A0030','Απαιτείται κατ εξαίρεση χορήγηση διαβατηρίου για νοσηλεία στην αλλοδαπή, μετά από κλοπής/απώλειας, πριν την ολοκλήρωση των ερευνών-ΌΧΙ', NULL, NULL, NULL);




/* Δημιουργία πίνακα πιθανών απαντήσεων ανά ερώτηση και εισαγωγή records*/
/* -------------------------------------------------------------------- */
CREATE TABLE question_answer(
identifier_q 		VARCHAR(10) NOT NULL,
identifier_a 		VARCHAR(10) NOT NULL,
PRIMARY KEY (identifier_q, identifier_a),
FOREIGN KEY(identifier_q) REFERENCES questionfordoc(identifier) ON DELETE CASCADE ON UPDATE CASCADE,
FOREIGN KEY(identifier_a) REFERENCES answerfordoc(identifier) ON DELETE CASCADE ON UPDATE CASCADE
);

INSERT INTO question_answer VALUES('Q0001','A0001');
INSERT INTO question_answer VALUES('Q0001','A0002');
INSERT INTO question_answer VALUES('Q0001','A0003');
INSERT INTO question_answer VALUES('Q0001','A0004');
INSERT INTO question_answer VALUES('Q0002','A0005');
INSERT INTO question_answer VALUES('Q0002','A0006');
INSERT INTO question_answer VALUES('Q0002','A0007');
INSERT INTO question_answer VALUES('Q0002','A0008');
INSERT INTO question_answer VALUES('Q0002','A0009');
INSERT INTO question_answer VALUES('Q0003','A0010');
INSERT INTO question_answer VALUES('Q0003','A0011');
INSERT INTO question_answer VALUES('Q0004','A0012');
INSERT INTO question_answer VALUES('Q0004','A0013');
INSERT INTO question_answer VALUES('Q0005','A0014');
INSERT INTO question_answer VALUES('Q0005','A0015');
INSERT INTO question_answer VALUES('Q0005','A0016');
INSERT INTO question_answer VALUES('Q0006','A0017');
INSERT INTO question_answer VALUES('Q0006','A0018');
INSERT INTO question_answer VALUES('Q0007','A0019');
INSERT INTO question_answer VALUES('Q0007','A0020');
INSERT INTO question_answer VALUES('Q0008','A0021');
INSERT INTO question_answer VALUES('Q0008','A0022');
INSERT INTO question_answer VALUES('Q0009','A0023');
INSERT INTO question_answer VALUES('Q0009','A0024');
INSERT INTO question_answer VALUES('Q0010','A0025');
INSERT INTO question_answer VALUES('Q0010','A0026');
INSERT INTO question_answer VALUES('Q0011','A0027');
INSERT INTO question_answer VALUES('Q0011','A0028');
INSERT INTO question_answer VALUES('Q0012','A0029');
INSERT INTO question_answer VALUES('Q0012','A0030');





/* Δημιουργία πίνακα εξάρτησης ερωτήσεων. Αν υπάρχει ερώτηση στον πίνακα αυτή ενεργοποιείται κατά συνθήκη */
/* Πχ η ερώτηση 5 ενεργοποιείται όταν η ερώτηση 2 έχει τις τιμές 5,8,9	*/
/* -------------------------------------------------------------------- */
CREATE TABLE q_dependson_q(
identifier_q 			VARCHAR(10) NOT NULL,
dependson_identifier_q 	VARCHAR(10) NOT NULL,
value_identifier_a 		VARCHAR(10) NOT NULL,
PRIMARY KEY (identifier_q, dependson_identifier_q, value_identifier_a),
FOREIGN KEY(identifier_q) 		REFERENCES questionfordoc(identifier) 	ON DELETE CASCADE ON UPDATE CASCADE,
FOREIGN KEY(dependson_identifier_q) 	REFERENCES questionfordoc(identifier) 	ON DELETE CASCADE ON UPDATE CASCADE,
FOREIGN KEY(value_identifier_a) 	REFERENCES answerfordoc(identifier) 	ON DELETE CASCADE ON UPDATE CASCADE
);


INSERT INTO q_dependson_q VALUES('Q0005', 'Q0002', 'A0005');
INSERT INTO q_dependson_q VALUES('Q0005', 'Q0002', 'A0007');
INSERT INTO q_dependson_q VALUES('Q0005', 'Q0002', 'A0008');
INSERT INTO q_dependson_q VALUES('Q0005', 'Q0002', 'A0009');
INSERT INTO q_dependson_q VALUES('Q0010', 'Q0002', 'A0005');
INSERT INTO q_dependson_q VALUES('Q0012', 'Q0001', 'A0004');



/* Δημιουργία πίνακα δικαιολογητικών-αποδεικτικών και εισαγωγή records*/
/* ------------------------------------------------------------------ */
CREATE TABLE evidence(
identifier 		VARCHAR(10) NOT NULL,
name 			VARCHAR(300),
description 	VARCHAR(1700),
type 			VARCHAR(10),
PRIMARY KEY (identifier)
);


INSERT INTO evidence VALUES('EV0001',
'Αίτηση-Υπεύθυνη δήλωση έκδοσης διαβατηρίου ενηλίκων', 
'Εκτυπώνεται στα Γραφεία Υποδοχής Αιτημάτων και στην οποία είναι ενσωματωμένη υπεύθυνη δήλωση.
Σε αυτήν ο ενδιαφερόμενος αναφέρει:
- Αν έχει καταδικαστεί τελεσίδικα για πλαστογραφία, πλαστογραφία πιστοποιητικών, υπεξαγωγή εγγράφων, ψευδή ανωμοτί κατάθεση ή ψευδή δήλωση, εφόσον τα αδικήματα αυτά αφορούν την έκδοση, τη χρήση ή την απώλεια ή κλοπή διαβατηρίου.
- Αν έχει καταδικαστεί τελεσίδικα για αρπαγή, εμπόριο δούλων, εμπορία ανθρώπων, αρπαγή ανηλίκων, ακούσια απαγωγή, σωματεμπορία ή διακίνηση λαθρομεταναστών.
- Αν έχει ασκηθεί σε βάρος του ποινική δίωξη ή έχει παραπεμφθεί σε δίκη για κακούργημα ή για τα παραπάνω αδικήματα.
- Αν έχει κηρυχθεί ανυπότακτος ή λιποτάκτης.
- Αν είναι ανυπότακτος εξωτερικού.
- Αν εκκρεμεί σε βάρος του απαγόρευση εξόδου από τη χώρα.
- Αν διαμένει μόνιμα στην αναγραφείσα διεύθυνση κατοικίας 
- Εάν έχει εκδοθεί στο όνομά του διαβατήριο, σύμφωνα με τις διατάξεις Ν. 3103/2003 από την ΕΛ.ΑΣ., το οποίο απωλέσθη, εκλάπη ή ζητείται η ανανέωση ή αντικατάστασή του.
- Την ύπαρξη των ειδικών λόγων που επιτρέπουν την κατ εξαίρεση χορήγηση διαβατηρίου, σύμφωνα με την παρ. 3 του άρθρου 1 Π.Δ. 25/2004.
- Τους ειδικούς λόγους που δικαιολογούν την κατά προτεραιότητα έκδοση του διαβατηρίου.',
NULL);

INSERT INTO evidence VALUES('EV0002',
'Αίτηση-Υπεύθυνη δήλωση έκδοσης διαβατηρίου ανηλίκων κάτω των 13 ετών', 
'Όταν ο ανήλικος είναι κάτω των 13 ετών, ο ασκών την επιμέλεια πιστοποιεί:
-  την αναγραφείσα διεύθυνση κατοικίας του ανηλίκου και την έκδοση ή όχι διαβατηρίου, σύμφωνα με τις διατάξεις Ν.3103/2003 από την ΕΛ.ΑΣ., το οποίο απωλέσθη, εκλάπη ή ζητείται η ανανέωση ή αντικατάστασή του.',
NULL);

INSERT INTO evidence VALUES('EV0003',
'Αίτηση-Υπεύθυνη δήλωση έκδοσης διαβατηρίου ανηλίκων άνω των 13 ετών', 
'Όταν ο ανήλικος είναι άνω των 13 ετών, δηλώνει:
- αν έχει καταδικαστεί τελεσίδικα για πλαστογραφία, πλαστογραφία πιστοποιητικών, υπεξαγωγή εγγράφων, ψευδή ανωμοτί κατάθεση ή ψευδή δήλωση, εφόσον τα αδικήματα αυτά αφορούν την έκδοση, τη χρήση ή την απώλεια ή κλοπή διαβατηρίου.
- αν έχει ασκηθεί σε βάρος του ποινική δίωξη ή έχει παραπεμφθεί σε δίκη για τα παραπάνω αδικήματα.
- αν εκκρεμεί σε βάρος του απαγόρευση εξόδου από τη χώρα.
- αν διαμένει μόνιμα στη αναγραφείσα διεύθυνση κατοικίας και εάν έχει  εκδοθεί στο όνομά του διαβατήριο, σύμφωνα με τις διατάξεις Ν.3103/2003 από την ΕΛ.ΑΣ., το οποίο απωλέσθη, εκλάπη ή ζητείται η ανανέωση ή αντικατάστασή του.',
NULL);

INSERT INTO evidence VALUES('EV0004',
'Έντυπο αίτησης – υπεύθυνης δήλωσης αρχικής έκδοσης διαβατηρίου Ε1β', 
'Χρησιμοποιείται όταν ο ενδιαφερόμενος εφοδιάζεται για πρώτη φορά με διαβατήριο, σύμφωνα με τις διατάξεις του Ν. 3103/2003.',
NULL);

INSERT INTO evidence VALUES('EV0005',
'Έντυπο αίτησης – υπεύθυνης δήλωσης ανανέωσης διαβατηρίου Ε2β', 
'Χρησιμοποιείται όταν έχει εκδοθεί στο παρελθόν διαβατήριο από την Ελληνική Αστυνομία σύμφωνα με τις διατάξεις του Ν. 3103/2003, το οποίο έχει λήξει ή ζητείται η ανανέωσή του εντός 12μήνου πριν τη λήξη του. 
Με την έκδοση του νέου διαβατηρίου παύει αυτοδίκαια η ισχύς του προηγουμένου, στο οποίο τίθεται σχετική ένδειξη.',
NULL);

INSERT INTO evidence VALUES('EV0006',
'Έντυπο αίτησης – υπεύθυνης δήλωσης αντικατάστασης διαβατηρίου Ε3β', 
'Χρησιμοποιείται στις κάτωθι περιπτώσεις :
1. Συμπλήρωση σελίδων, 
2. Μεταβολές στοιχείων, 
3. Αλλοιώσεις/φθορές στο διαβατήριο ( φωτογραφία ή εσωτερικές σελίδες), 
4. Αναφέρονται κράτη μη επιθυμητά, 
5. Έκδοση ηλεκτρονικού διαβατηρίου. 
Στις περιπτώσεις αυτές γίνεται έλεγχος - επιβεβαίωση του λόγου που επικαλείται ο ενδιαφερόμενος και αφού ληφθούν θεωρημένα φωτοαντίγραφα της σελίδας προσωπικών δεδομένων και όσων άλλων πιστοποιούν την αναγκαιότητα αντικατάστασης, τα οποία τηρούνται στο αρχείο της Υπηρεσίας, το διαβατήριο επιστρέφεται στον δικαιούχο. Με την παραλαβή του νέου διαβατηρίου, το παλαιό ακυρώνεται.',
NULL);

INSERT INTO evidence VALUES('EV0007',
'Έντυπο αίτησης – υπεύθυνης δήλωσης απώλειας– κλοπής διαβατηρίου Ε4β', 
'Χρησιμοποιείται για την αντικατάσταση διαβατηρίου που έχει δηλωθεί ως κλαπέν ή απωλεσθέν.
Στις περιπτώσεις των κλοπών - απωλειών, τα στοιχεία της αίτησης που αφορούν τον αριθμό του παλαιού διαβατηρίου και την ημερομηνία λήξης, συμπληρώνονται από τα γραφεία διαβατηρίων.',
NULL);



INSERT INTO evidence VALUES('EV0008',
'Φωτοαντίγραφο ταυτότητας', 
'Φωτοαντίγραφο δύο όψεων του δελτίου αστυνομικής ταυτότητας στην ίδια σελίδα. 
Επιπλέον προσκομίζεται και επιδεικνύεται το πρωτότυπο του δελτίου αστυνομικής ταυτότητας.',
NULL);

INSERT INTO evidence VALUES('EV0009',
'Υπογεγγραμένη Αίτηση- Υπεύθυνη δήλωση για την αυτεπάγγελτη αναζήτηση στοιχείων δημοτολογίου ή πιστοποιητικό του Δήμου για ανήλικο κάτω των 12 ετών. Επιπρόσθετα απαιτείται και πρόσφατη έγχρωμη φωτογραφία του ανηλίκου η οποία επικολλάται σε αυτό',
'Υποβάλλεται από τον έναν γονέα αυτού ή αυτόν που έχει την επιτροπεία του ή το δικαστικό συμπαραστάτη του :  
- Αίτηση- Υπεύθυνη δήλωση για την αυτεπάγγελτη αναζήτηση μέσω του Ολοκληρωμένου Πληροφοριακού Συστήματος Εθνικού Δημοτολογίου (ΟΠΣΕΔ) των απαραίτητων για την έκδοση του διαβατηρίου στοιχείων δημοτολογίου, σύμφωνα με τη διαδικασία που περιγράφεται στην υπ αριθ. 3021/22/10-ζ από 04-12-2015 Κ.Υ.Α. (ΦΕΚ τ.Β 2702/14-12-2015).
- Στις περιπτώσεις που δεν είναι εφικτή η διασύνδεση στις διαδικτυακές υπηρεσίες πρόσβασης του Ολοκληρωμένου Πληροφοριακού Συστήματος Εθνικού Δημοτολογίου (ΟΠΣΕΔ), τα απαραίτητα για την έκδοση του διαβατηρίου δημοτολογικά στοιχεία, προκύπτουν από πιστοποιητικό του δήμου στο δημοτολόγιο του οποίου είναι εγγεγραμμένος ο ανήλικος, το οποίο αναζητείται αυτεπαγγέλτως από την αρμόδια Υπηρεσία Παραλαβής Δικαιολογητικών (ΔΙΑΔΠ/Α/18532/06 ΦΕΚ 1309/Β Απόφαση Υπουργού ΕΣΔΔΑ).
- Σε κάθε περίπτωση, στο έντυπο-πιστοποιητικό δημοτολογικών στοιχείων επικολλάται πρόσφατη έγχρωμη φωτογραφία του ανηλίκου και τίθεται πράξη βεβαίωσης ταυτοπροσωπίας από τον έναν γονέα αυτού ή αυτόν που έχει την επιτροπεία του ή το δικαστικό συμπαραστάτη του, του οποίου το ιδιόχειρο της υπογραφής βεβαιώνεται από τον αρμόδιο Αστυνομικό.
- Πιστοποιητικά δημοτολογίου που προέρχονται από τα ΚΕΠ ή που προσκομίζονται από τον ίδιο τον αιτούντα κατά τη διαδικασία κατάθεσης των δικαιολογητικών δεν γίνονται αποδεκτά.',
NULL);

INSERT INTO evidence VALUES('EV0010',
'Πρόσφατη έγχρωμη φωτογραφία', 
'Μια πρόσφατη (τελευταίου μήνα) έγχρωμη φωτογραφία 4x6 εκ. συγκεκριμένων τεχνικών προδιαγραφών, τυπωμένη σε αναλογικό φωτογραφικό χαρτί, χωρίς τη χρήση τεχνολογίας inkjet ή laser.
Η φωτογραφία θα πρέπει να έχει ληφθεί κάτω από ιδανικές συνθήκες, τα δε χρώματα της εκτύπωσης επιβάλλεται να είναι ουδέτερα. 
Είναι αναγκαίο να τηρούνται πιστά οι τεχνικές προδιαγραφές λήψης της, προκειμένου επιτυγχάνονται τα καλύτερα αποτελέσματα.',
NULL);

INSERT INTO evidence VALUES('EV0011',
'E-paravolo αξίας 84,4 ευρώ', 
'E-paravolo αξίας 84,4 ευρώ για διαβατήριο Ενηλίκων-Ανηλίκων άνω των 14 ετών - 5 χρόνια διάρκεια',
NULL);

INSERT INTO evidence VALUES('EV0012',
'E-paravolo αξίας 73,6 ευρώ', 
'E-paravolo αξίας 73,6 ευρώ για διαβατήριο Ανηλίκων έως 14 ετών - 3 χρόνια διάρκεια',
NULL);

INSERT INTO evidence VALUES('EV0013',
'E-paravolo αξίας 58 ευρώ', 
'E-paravolo αξίας 58 ευρώ για διαβατήριο αντικατάστασης Ενηλίκων-Ανηλίκων με διάρκεια ίδια με αυτού που αντικαθίσταται',
NULL);

INSERT INTO evidence VALUES('EV0014',
'E-paravolo αξίας 68,8 ευρώ',
'E-paravolo αξίας 68,80 ευρώ για Ενηλίκων-Ανηλίκων που χορηγούνται κατ εξαίρεση-13 μήνες',
NULL);

INSERT INTO evidence VALUES('EV0015',
'E-paravolo αξίας 63,40 ευρώ', 
'E-paravolo αξίας 63,40 ευρώ για διαβατήριο Ενηλίκων-Ανηλίκων άνω των 12 ετών που η λήψη των αποτυπωμάτων είναι προσωρινά αδύνατη-8 μήνες διάρκεια ',
NULL);

INSERT INTO evidence VALUES('EV0016',
'E-paravolo αξίας 63,4 ευρώ', 
'E-paravolo αξίας 63,40 ευρώ για διαβατήριο Ενηλίκων-Ανηλίκων περίπτωσης μεταγωγής κρατουμένου-3 μήνες διάρκεια ',
NULL);

INSERT INTO evidence VALUES('EV0017',
'Παλαιό διαβατήριο',
'Προσκόμιση παλαιού διαβατηρίου',
NULL);

INSERT INTO evidence VALUES('EV0018',
'Βεβαίωση κλοπής/απώλειας διαβατηρίου',
'Πρόσφατη βεβαίωση Ελληνικής Αρχής (Αστυνομικής ή Προξενικής) στην οποία δηλώθηκε η κλοπή ή η απώλεια, στην οποία αναφέρεται το αποτέλεσμα της διενεργηθείσας έρευνας.',
NULL);

INSERT INTO evidence VALUES('EV0019',
'Ιατρικό πιστοποιητικό κρατικού νοσοκομείου για την μη αυτοπρόσωπη παρουσία του ενδιαφερόμενου για σοβαρούς λόγους υγείας, προκειμένου να μεταβεί στον ενδιαφερόμενο υπάλληλος της υπηρεσίας διαβατηρίων',
'Εφόσον στο πρόσωπό του ενδιαφερομένου συντρέχουν σοβαροί λόγοι υγείας, που καθιστούν αδύνατη ή δυσχεραίνουν ουσιωδώς την μετακίνησή του τότε προσκομίζεται ιατρικό πιστοποιητικό κρατικού νοσοκομείου',
NULL);

INSERT INTO evidence VALUES('EV0020',
'Παρουσία των ασκούντων την επιμέλεια του ανηλίκου',
'Για την υποβολή των δικαιολογητικών απαιτείται πέραν της παρουσίας του ανηλίκου και η αυτοπρόσωπη παρουσία των ασκούντων την επιμέλεια. Υπογράφονται από αυτούς και τον άνω των 12 ετών ανήλικο.
Όταν η επιμέλεια ασκείται από τους δύο γονείς, αρκεί η αυτοπρόσωπη παρουσία του ενός και η έγγραφη συναίνεση του άλλου γονέα, του οποίου το ιδιόχειρο της υπογραφής βεβαιώνεται από οποιαδήποτε αρμόδια Διοικητική Αρχή.
Όταν δεν δύνανται να παραστούν οι ασκούντες την επιμέλεια, για λόγους ανωτέρας βίας, παρίσταται οποιοσδήποτε συγγενής του ανηλίκου, ο οποίος εξουσιοδοτείται σχετικά από τον ένα γονέα, υποβάλλοντας και την έγγραφη συναίνεση του άλλου, του οποίου έχει βεβαιωθεί το ιδιόχειρο της υπογραφής.
Σε περίπτωση που δεν είναι δυνατή η παροχή της ως άνω εξουσιοδότησης ούτε της έγγραφης συναίνεσης, απαιτείται ο διορισμός επιτρόπου και τα δικαιολογητικά κατατίθενται από τα προβλεπόμενα στα άρθρα 1601 και 1602 Α.Κ. πρόσωπα κατά περίπτωση.
Ως ανωτέρα βία νοείται κάθε γεγονός αιφνίδιο και απρόβλεπτο, που δεν μπορεί να αποτραπεί ούτε με άκρα επιμέλεια και σύνεση, εξαιτίας του οποίου ο ενδιαφερόμενος τελεί σε απόλυτη αδυναμία να επιμεληθεί των υποθέσεών του.',
NULL);

INSERT INTO evidence VALUES('EV0021',
'Πρόσφατο (τελευταίου εξαμήνου) πιστοποιητικό γέννησης ή οικογενειακής κατάστασης από το δήμο ή την κοινότητα όπου είναι εγγεγραμμένος  ο ενδιαφερόμενος (αφορά ενήλικο κάτοικο εξωτερικού χωρίς Ελληνικό δελτίο ταυτότητας).', 
'Σε περίπτωση που ο ενδιαφερόμενος είναι ενήλικος, μόνιμος κάτοικος εξωτερικού και δεν έχει Ελληνικό Δελτίο Ταυτότητας, υποβάλλει  πιστοποιητικό γέννησης ή οικογενειακής κατάστασης από το δήμο ή την κοινότητα όπου είναι εγγεγραμμένος (τελευταίου εξαμήνου).',
NULL);

INSERT INTO evidence VALUES('EV0022',
'Πρόσφατο (τελ. εξαμήνου) πιστοποιητικό γέννησης ή οικογενειακής κατάστασης από το δήμο ή την κοινότητα όπου είναι εγγεγραμμένος  ο ενδιαφερόμενος (αφορά ανήλικο κάτοικο εξωτερικού χωρίς Ελληνικό Δελτίο ταυτότητας). Απαιτείται και πρόσφατη έγχρωμη φωτογραφία του ανηλίκου η οποία επικολλάται σε αυτό', 
'Σε περίπτωση που ο ενδιαφερόμενος είναι ανήλικος κάτω των 12 ετών, μόνιμος κάτοικος εξωτερικού και δεν έχει Ελληνικό Δελτίο Ταυτότητας, υποβάλλει  πιστοποιητικό γέννησης ή οικογενειακής κατάστασης από το δήμο ή την κοινότητα όπου είναι εγγεγραμμένος (τελευταίου εξαμήνου).
Στο πιστοποιητικό επικολλάται φωτογραφία και γίνεται βεβαίωση ταυτοπροσωπίας,',
NULL);

INSERT INTO evidence VALUES('EV0023',
'Πρόσφατο (τελ. εξαμήνου) πιστοποιητικό γέννησης ή οικογενειακής κατάστασης από το δήμο ή την κοινότητα όπου είναι εγγεγραμμένος  ο ενδιαφερόμενος (αφορά ανήλικο κάτοικο εξωτερικού χωρίς Ελληνικό Δελτίο ταυτότητας). Απαιτείται και πρόσφατη έγχρωμη φωτογραφία του ανηλίκου η οποία επικολλάται σε αυτό', 
'Σε περίπτωση που ο ενδιαφερόμενος είναι ανήλικος άνω των 12 ετών, μόνιμος κάτοικος εξωτερικού και δεν έχει Ελληνικό Δελτίο Ταυτότητας, υποβάλλει  πιστοποιητικό γέννησης ή οικογενειακής κατάστασης από το δήμο ή την κοινότητα όπου είναι εγγεγραμμένος (τελευταίου εξαμήνου).
Στο πιστοποιητικό η επικόλληση φωτογραφίας και η ταυτοπροσωπία γίνεται μόνο εφόσον δεν κατέχει ισχυρό ελληνικό διαβατήριο.',
NULL);

INSERT INTO evidence VALUES('EV0024',
'Ιατρική βεβαίωση-γνωμάτευση για προβλήματα όρασης ή Βεβαίωση εγγραφής στα Μητρώα Τυφλών, προκειμένου να αιτιολογηθούν τυχόν αποκλίσεις από τις τεθείσες τεχνικές προδιαγραφές φωτογραφιών', 
'Αφορά περιπτώσεις ατόμων με προβλήματα όρασης, όταν δεν πληρούνται επακριβώς οι τεθείσες τεχνικές προδιαγραφές φωτογραφιών (π.χ. μη εστιασμός, κλειστοί οφθαλμοί, παραμόρφωση χαρακτηριστικών προσώπου κλπ)',
NULL);

INSERT INTO evidence VALUES('EV0025',
'Απόφαση ορισμού επιτρόπου ή δικαστικού συμπαραστάτη', 
'Αφορά περίπτωση έκδοσης διαβατηρίου σε πρόσωπο που τελεί σε επιτροπεία ή δικαστική συμπαράσταση',
NULL);

INSERT INTO evidence VALUES('EV0026',
'Έγγραφο της αρχής που διέταξε τη μεταγωγή στο οποίο αναφέρονται τα στοιχεία του κρατουμένου και ο χρόνος μεταγωγής ', 
'Για τις περιπτώσεις μεταγωγής κρατουμένων από σωφρονιστικό κατάστημα της αλλοδαπής στην ημεδαπή και αντίστροφα που το διαβατήριο εκδίδεται αυτεπαγγέλτως, η αίτηση έκδοσης διαβατηρίου υπογράφεται από το Διευθυντή Σωφρονιστικού Καταστήματος στην ημεδαπή ή τον επικεφαλής του Προξενικού Γραφείου στην αλλοδαπή και κατατίθεται στο οικείο Γραφείο Διαβατηρίων ή Προξενείο κατά περίπτωση.',
NULL);

INSERT INTO evidence VALUES('EV0027',
'Βεβαίωση του αρμόδιου στρατολογικού γραφείου στην Ελλάδα, η οποία και θα πιστοποιεί την ανυποταξία εξωτερικού', 
'Αφορά ανυπότακτο, μόνιμο κάτοικο εξωτερικού, στον οποίο επιτρέπεται η χορήγηση διαβατηρίου για συγκεκριμένου λόγους :
- είσοδο και παραμονή στην Ελλάδα έως 40 ημέρες για την άσκηση εκλογικού δικαιώματος 
- είσοδο και παραμονή στην Ελλάδα έως 30 ημέρες συνολικά ή τμηματικά κατ έτος ή έως 3 μήνες στις περιπτώσεις που η είσοδος και παραμονή στην Ελλάδα επιβάλλεται για λόγους προσωπικής ασφάλειας, εξαιτίας σοβαρών, πασίδηλων γεγονότων, που συμβαίνουν στις χώρες διαμονής τους, όπως εξεγέρσεις, πόλεμοι ή θεομηνίες',
NULL);

INSERT INTO evidence VALUES('EV0028',
'Δικαιολογητικά για την κατ εξαίρεση έκδοση διαβατηρίου όταν υπάρχει απαγόρευση εξόδου από τη χώρα, όπως δικαστική απόφαση, Ιατρικό πιστοποιητικό, Πιστοποιητικό θανάτου στην αλλοδαπή κλπ',
'Όταν υπάρχουν σε βάρος του αιτούντα οι απαγορευτικοί λόγοι χορήγησης της παρ.2 του άρθρου 1, του Π.Δ. 25/2004, επιτρέπεται η χορήγηση διαβατηρίου κατ εξαίρεση (παρ. 3 του άρθρου 1 του Π.Δ. 25/2004) : 
- Σε περίπτωση που με δικαστική απόφαση ή εισαγγελική διάταξη, αίρεται προσωρινά η απαγόρευση εξόδου από τη Χώρα και 
- Εφόσον είναι αναγκαία η μετάβασή του στην αλλοδαπή:
-- Σε περίπτωση νοσηλείας στην αλλοδαπή του ιδίου ή του συζύγου ή συγγενούς αυτού εξ αίματος ή εξ αγχιστείας μέχρι β βαθμού για σοβαρούς λόγους υγείας.
-- Σε περίπτωση θανάτου ή σοβαρής ασθένειας στην αλλοδαπή του συζύγου ή συγγενούς αυτού εξ αίματος ή εξ αγχιστείας μέχρι β βαθμού. 
Για την απόδειξη των ανωτέρω θα πρέπει να προσκομίζονται αποδεικτικά έγγραφα που τυχόν υπάρχουν και πιστοποιούν την αναγκαιότητα χορήγησης διαβατηρίου για μετάβαση στην αλλοδαπή, σε περιπτώσεις νοσηλείας για σοβαρούς λόγους υγείας, τραυματισμού, θανάτου ή σοβαρής ασθένειας συγγενούς μέχρι β βαθμού',
NULL);

INSERT INTO evidence VALUES('EV0029',
'Δικαιολογητικά για την κατά προτεραιότητα έκδοση διαβατηρίου εντός μίας (1) εργάσιμης ημέρας, όπως Ιατρικό πιστοποιητικό κρατικού νοσοκομείου και τυχόν πρόσθετα αποδεικτικά έγγραφα.',
'Κατ εξαίρεση, η έκδοση του διαβατηρίου γίνεται, κατά προτεραιότητα, εντός μίας (1) εργάσιμης ημέρας από την παραλαβή της αίτησης από την Διεύθυνση Διαβατηρίων, εφόσον συντρέχουν περιοριστικά οι ακόλουθοι λόγοι:
-Προσωπικοί σοβαροί λόγοι υγείας, οι οποίοι επιβάλλουν νοσηλεία στο εξωτερικό. Στην περίπτωση αυτή κατατίθεται ως δικαιολογητικό ιατρικό πιστοποιητικό ή γνωμάτευση που φέρει την υπογραφή ιατρού αντίστοιχης ειδικότητας με τη πάθηση που βεβαιώνεται και βεβαίωση αλλοδαπού νοσηλευτικού ιδρύματος μεταφρασμένη και επικυρωμένη νομίμως, με την οποία πιστοποιείται η ανάγκη εισαγωγής και νοσηλείας. Με την ίδια διαδικασία χορηγείται διαβατήριο και στον σύζυγο ή συγγενή ασθενούς μέχρι β΄ βαθμού, καθώς και στον ιατρό ή νοσηλευτή που πρόκειται να συνοδεύσουν τον ασθενή.
-Θάνατος συγγενούς εξ αίματος ή εξ αγχιστείας μέχρι β βαθμού.
-Τραυματισμός ή σοβαρός λόγος υγείας που αποδεικνύεται με ιατρικό πιστοποιητικό αλλοδαπού κρατικού νοσοκομείου, ή εξαφάνιση συγγενούς μέχρι β βαθμού του ενδιαφερομένου που διαμένει στο εξωτερικό ή πρόκληση καταστροφής στην περιουσία του ενδιαφερομένου συνεπεία φυσικών καταστροφών ή άλλων γεγονότων ανωτέρας βίας.
-Στις περιπτώσεις της κατά προτεραιότητα χορήγησης διαβατηρίου, δύναται να κατατίθενται οι αιτήσεις και τα δικαιολογητικά, κατ  εξαίρεση στο Γραφείο διαβατηρίων που λειτουργεί στο αστυνομικό κατάστημα του Α.Τ. Παγκρατίου.
-Ο ενδιαφερόμενος στην υποβαλλόμενη με τα λοιπά δικαιολογητικά υπεύθυνη δήλωση οφείλει να μνημονεύει τους ειδικούς λόγους που δικαιολογούν την κατά προτεραιότητα έκδοση του διαβατηρίου, συνυποβάλλοντας και τυχόν πρόσθετα αποδεικτικά έγγραφα',
NULL);


INSERT INTO evidence VALUES('EV0030',
'Δικαιολογητικά για την περίπτωση που ο ενδιαφερόμενος ζητά την κατ εξαίρεση χορήγηση διαβατηρίου λόγω κλοπής-απώλειας,  πριν την ολοκλήρωση των ερευνών, για νοσηλεία στην αλλοδαπή, όπως Ιατρικό πιστοποιητικό ή γνωμάτευση, Πιστοποιητικό θανάτου στην αλλοδαπή κλπ',
'Για την κατ εξαίρεση έκδοση νέου Ελληνικού διαβατηρίου, λόγω κλοπής-απώλειας του προηγούμενου, πριν την ολοκλήρωση των προβλεπόμενων από τον νόμο ερευνών και εφόσον συντρέχει περίπτωση από τις αναφερόμενες στη παρ. 3 του άρθρου 1 του Π.Δ. 25/2004, όπως τροποποιήθηκε με το άρθρο 3 του Π.Δ. 135/2007 : 
- Νοσηλεία στην αλλοδαπή του ιδίου ή του συζύγου ή συγγενούς αυτού εξ αίματος ή εξ αγχιστείας μέχρι β βαθμού, για σοβαρούς λόγους υγείας.  Απαιτείται Ιατρικό πιστοποιητικό ή γνωμάτευση που φέρει την υπογραφή ιατρού αντίστοιχης ειδικότητας με την πάθηση που βεβαιώνεται και βεβαίωση αλλοδαπού νοσηλευτικού ιδρύματος, μεταφρασμένη και επικυρωμένη νομίμως, με την οποία πιστοποιείται η ανάγκη εισαγωγής και νοσηλείας,
- Θάνατος ή σοβαρή ασθένεια στην αλλοδαπή του συζύγου ή συγγενούς αυτού εξ αίματος ή εξ αγχιστείας μέχρι β βαθμού, 
- Σοβαρός λόγος άμεσης μετάβασης του ενδιαφερομένου στην αλλοδαπή όπως ναυτολόγηση ναυτικού ή επιστροφή μονίμου κατοίκου του εξωτερικού.',
NULL);

INSERT INTO evidence VALUES('EV0031',
'Ιατρικό πιστοποιητικό κρατικού νοσοκομείου ή απλή βεβαίωση εγγραφής στα μητρώα αναπήρων της Οικείας Νομαρχίας, για τις περιπτώσεις μόνιμης ή προσωρινής αναπηρίας  των χεριών, για αδυναμία λήψης δακτυλικών αποτυπωμάτων (αφορά άνω των 12 ετών)', 
'Στις περιπτώσεις μόνιμης ή προσωρινής αναπηρίας  των χεριών, για αδυναμία λήψης δακτυλικών αποτυπωμάτων (αφορά άνω των 12 ετών) :
- Ιατρικό πιστοποιητικό κρατικού νοσοκομείου, υπογεγραμμένο από ιατρό αντίστοιχης ειδικότητας με την πάθηση που βεβαιώνεται, για αδυναμία λήψης δακτυλικών αποτυπωμάτων
- Απλή βεβαίωση εγγραφής στα μητρώα αναπήρων της Οικείας Νομαρχίας, στις περιπτώσεις μόνιμης αναπηρίας των χεριών, για αδυναμία λήψης δακτυλικών αποτυπωμάτων',
NULL);



/* Δημιουργία πίνακα συσχέτισης Δικαιολογητικών με Απάντηση (δικαιολογητικά που δεν απαιτούνται ανά απάντηση) και εισαγωγή records*/
/* ------------------------------------------------------------------------------------------------------------------------------ */
CREATE TABLE answerfordoc_ex_ev(
identifier_a 		VARCHAR(10) NOT NULL,
identifier_ev 		VARCHAR(10) NOT NULL,
PRIMARY KEY (identifier_a, identifier_ev),
FOREIGN KEY(identifier_a) REFERENCES answerfordoc(identifier) ON DELETE CASCADE ON UPDATE CASCADE,
FOREIGN KEY(identifier_ev) REFERENCES evidence(identifier) ON DELETE CASCADE ON UPDATE CASCADE
);


INSERT INTO answerfordoc_ex_ev VALUES('A0001','EV0013');
INSERT INTO answerfordoc_ex_ev VALUES('A0001','EV0017');
INSERT INTO answerfordoc_ex_ev VALUES('A0001','EV0018');
INSERT INTO answerfordoc_ex_ev VALUES('A0001','EV0030');
INSERT INTO answerfordoc_ex_ev VALUES('A0001','EV0005');
INSERT INTO answerfordoc_ex_ev VALUES('A0001','EV0006');
INSERT INTO answerfordoc_ex_ev VALUES('A0001','EV0007');
INSERT INTO answerfordoc_ex_ev VALUES('A0002','EV0013');
INSERT INTO answerfordoc_ex_ev VALUES('A0002','EV0018');
INSERT INTO answerfordoc_ex_ev VALUES('A0002','EV0030');
INSERT INTO answerfordoc_ex_ev VALUES('A0002','EV0004');
INSERT INTO answerfordoc_ex_ev VALUES('A0002','EV0006');
INSERT INTO answerfordoc_ex_ev VALUES('A0002','EV0007');
INSERT INTO answerfordoc_ex_ev VALUES('A0003','EV0011');
INSERT INTO answerfordoc_ex_ev VALUES('A0003','EV0012');
INSERT INTO answerfordoc_ex_ev VALUES('A0003','EV0018');
INSERT INTO answerfordoc_ex_ev VALUES('A0003','EV0030');
INSERT INTO answerfordoc_ex_ev VALUES('A0003','EV0004');
INSERT INTO answerfordoc_ex_ev VALUES('A0003','EV0005');
INSERT INTO answerfordoc_ex_ev VALUES('A0003','EV0007');
INSERT INTO answerfordoc_ex_ev VALUES('A0004','EV0013');
INSERT INTO answerfordoc_ex_ev VALUES('A0004','EV0017');
INSERT INTO answerfordoc_ex_ev VALUES('A0004','EV0004');
INSERT INTO answerfordoc_ex_ev VALUES('A0004','EV0005');
INSERT INTO answerfordoc_ex_ev VALUES('A0004','EV0006');
INSERT INTO answerfordoc_ex_ev VALUES('A0005','EV0002');
INSERT INTO answerfordoc_ex_ev VALUES('A0005','EV0003');
INSERT INTO answerfordoc_ex_ev VALUES('A0005','EV0009');
INSERT INTO answerfordoc_ex_ev VALUES('A0005','EV0012');
INSERT INTO answerfordoc_ex_ev VALUES('A0005','EV0020');
INSERT INTO answerfordoc_ex_ev VALUES('A0005','EV0022');
INSERT INTO answerfordoc_ex_ev VALUES('A0005','EV0023');
INSERT INTO answerfordoc_ex_ev VALUES('A0006','EV0001');
INSERT INTO answerfordoc_ex_ev VALUES('A0006','EV0003');
INSERT INTO answerfordoc_ex_ev VALUES('A0006','EV0008');
INSERT INTO answerfordoc_ex_ev VALUES('A0006','EV0011');
INSERT INTO answerfordoc_ex_ev VALUES('A0006','EV0015');
INSERT INTO answerfordoc_ex_ev VALUES('A0006','EV0021');
INSERT INTO answerfordoc_ex_ev VALUES('A0006','EV0023');
INSERT INTO answerfordoc_ex_ev VALUES('A0006','EV0027');
INSERT INTO answerfordoc_ex_ev VALUES('A0006','EV0031');
INSERT INTO answerfordoc_ex_ev VALUES('A0007','EV0001');
INSERT INTO answerfordoc_ex_ev VALUES('A0007','EV0003');
INSERT INTO answerfordoc_ex_ev VALUES('A0007','EV0009');
INSERT INTO answerfordoc_ex_ev VALUES('A0007','EV0011');
INSERT INTO answerfordoc_ex_ev VALUES('A0007','EV0021');
INSERT INTO answerfordoc_ex_ev VALUES('A0007','EV0022');
INSERT INTO answerfordoc_ex_ev VALUES('A0007','EV0027');
INSERT INTO answerfordoc_ex_ev VALUES('A0008','EV0001');
INSERT INTO answerfordoc_ex_ev VALUES('A0008','EV0002');
INSERT INTO answerfordoc_ex_ev VALUES('A0008','EV0009');
INSERT INTO answerfordoc_ex_ev VALUES('A0008','EV0011');
INSERT INTO answerfordoc_ex_ev VALUES('A0008','EV0021');
INSERT INTO answerfordoc_ex_ev VALUES('A0008','EV0022');
INSERT INTO answerfordoc_ex_ev VALUES('A0008','EV0027');
INSERT INTO answerfordoc_ex_ev VALUES('A0009','EV0001');
INSERT INTO answerfordoc_ex_ev VALUES('A0009','EV0002');
INSERT INTO answerfordoc_ex_ev VALUES('A0009','EV0009');
INSERT INTO answerfordoc_ex_ev VALUES('A0009','EV0012');
INSERT INTO answerfordoc_ex_ev VALUES('A0009','EV0021');
INSERT INTO answerfordoc_ex_ev VALUES('A0009','EV0022');
INSERT INTO answerfordoc_ex_ev VALUES('A0009','EV0027');
INSERT INTO answerfordoc_ex_ev VALUES('A0011','EV0019');
INSERT INTO answerfordoc_ex_ev VALUES('A0012','EV0011');
INSERT INTO answerfordoc_ex_ev VALUES('A0012','EV0012');
INSERT INTO answerfordoc_ex_ev VALUES('A0012','EV0013');
INSERT INTO answerfordoc_ex_ev VALUES('A0013','EV0014');
INSERT INTO answerfordoc_ex_ev VALUES('A0013','EV0028');
INSERT INTO answerfordoc_ex_ev VALUES('A0014','EV0015');
INSERT INTO answerfordoc_ex_ev VALUES('A0014','EV0031');
INSERT INTO answerfordoc_ex_ev VALUES('A0015','EV0015');
INSERT INTO answerfordoc_ex_ev VALUES('A0016','EV0011');
INSERT INTO answerfordoc_ex_ev VALUES('A0016','EV0012');
INSERT INTO answerfordoc_ex_ev VALUES('A0016','EV0013');
INSERT INTO answerfordoc_ex_ev VALUES('A0016','EV0014');
INSERT INTO answerfordoc_ex_ev VALUES('A0017','EV0011');
INSERT INTO answerfordoc_ex_ev VALUES('A0017','EV0012');
INSERT INTO answerfordoc_ex_ev VALUES('A0017','EV0013');
INSERT INTO answerfordoc_ex_ev VALUES('A0017','EV0014');
INSERT INTO answerfordoc_ex_ev VALUES('A0017','EV0015');
INSERT INTO answerfordoc_ex_ev VALUES('A0018','EV0016');
INSERT INTO answerfordoc_ex_ev VALUES('A0018','EV0026');
INSERT INTO answerfordoc_ex_ev VALUES('A0019','EV0008');
INSERT INTO answerfordoc_ex_ev VALUES('A0019','EV0009');
INSERT INTO answerfordoc_ex_ev VALUES('A0020','EV0021');
INSERT INTO answerfordoc_ex_ev VALUES('A0020','EV0022');
INSERT INTO answerfordoc_ex_ev VALUES('A0020','EV0023');
INSERT INTO answerfordoc_ex_ev VALUES('A0022','EV0024');
INSERT INTO answerfordoc_ex_ev VALUES('A0024','EV0025');
INSERT INTO answerfordoc_ex_ev VALUES('A0026','EV0027');
INSERT INTO answerfordoc_ex_ev VALUES('A0028','EV0029');
INSERT INTO answerfordoc_ex_ev VALUES('A0030','EV0030');


/* Δημιουργία πίνακα συσχέτισης Δικαιολογητικών με Γλώσσα και εισαγωγή records*/
/* -------------------------------------------------------------------------- */
CREATE TABLE evidence_cvlanguage(
identifier_ev 		VARCHAR(10) NOT NULL,
code_language 		VARCHAR(3) NOT NULL,
PRIMARY KEY (identifier_ev, code_language),
FOREIGN KEY(identifier_ev) REFERENCES evidence(identifier) ON DELETE CASCADE ON UPDATE CASCADE,
FOREIGN KEY(code_language) REFERENCES cvlanguage(code) ON DELETE CASCADE ON UPDATE CASCADE);

INSERT INTO evidence_cvlanguage VALUES('EV0001','EL');
INSERT INTO evidence_cvlanguage VALUES('EV0002','EL');
INSERT INTO evidence_cvlanguage VALUES('EV0003','EL');
INSERT INTO evidence_cvlanguage VALUES('EV0004','EL');
INSERT INTO evidence_cvlanguage VALUES('EV0005','EL');
INSERT INTO evidence_cvlanguage VALUES('EV0006','EL');
INSERT INTO evidence_cvlanguage VALUES('EV0007','EL');
INSERT INTO evidence_cvlanguage VALUES('EV0008','EL');
INSERT INTO evidence_cvlanguage VALUES('EV0009','EL');
INSERT INTO evidence_cvlanguage VALUES('EV0010','EL');
INSERT INTO evidence_cvlanguage VALUES('EV0011','EL');
INSERT INTO evidence_cvlanguage VALUES('EV0012','EL');
INSERT INTO evidence_cvlanguage VALUES('EV0013','EL');
INSERT INTO evidence_cvlanguage VALUES('EV0014','EL');
INSERT INTO evidence_cvlanguage VALUES('EV0015','EL');
INSERT INTO evidence_cvlanguage VALUES('EV0016','EL');
INSERT INTO evidence_cvlanguage VALUES('EV0017','EL');
INSERT INTO evidence_cvlanguage VALUES('EV0018','EL');
INSERT INTO evidence_cvlanguage VALUES('EV0019','EL');
INSERT INTO evidence_cvlanguage VALUES('EV0020','EL');
INSERT INTO evidence_cvlanguage VALUES('EV0021','EL');
INSERT INTO evidence_cvlanguage VALUES('EV0022','EL');
INSERT INTO evidence_cvlanguage VALUES('EV0023','EL');
INSERT INTO evidence_cvlanguage VALUES('EV0024','EL');
INSERT INTO evidence_cvlanguage VALUES('EV0025','EL');
INSERT INTO evidence_cvlanguage VALUES('EV0026','EL');
INSERT INTO evidence_cvlanguage VALUES('EV0027','EL');
INSERT INTO evidence_cvlanguage VALUES('EV0028','EL');
INSERT INTO evidence_cvlanguage VALUES('EV0029','EL');
INSERT INTO evidence_cvlanguage VALUES('EV0030','EL');
INSERT INTO evidence_cvlanguage VALUES('EV0031','EL');


/* Δημιουργία πίνακα κανόνων και εισαγωγή records*/
/* --------------------------------------------- */
CREATE TABLE rule(
identifier 			VARCHAR(10) NOT NULL,
name 				VARCHAR(50) NOT NULL,
description 		VARCHAR(1500) NOT NULL,
sort_description 	VARCHAR(400),
PRIMARY KEY (identifier));

INSERT INTO rule values(
'Ru0001',
'ABOUT PASSPORT',
'Διαβατήριο είναι το έγγραφο που εκδίδεται από τη Διεύθυνση Κρατικής Ασφάλειας του Αρχηγείου Ελληνικής Αστυνομίας, με το οποίο ο κάτοχος μπορεί νόμιμα να εξέρχεται και να εισέρχεται στη Χώρα, μέσω των καθορισμένων για το σκοπό αυτό σημείων.',
'Διαβατήριο είναι το έγγραφο που εκδίδεται από τη Διεύθυνση Κρατικής Ασφάλειας του Αρχηγείου Ελληνικής Αστυνομίας, με το οποίο ο κάτοχος μπορεί νόμιμα να εξέρχεται και να εισέρχεται στη Χώρα, μέσω των καθορισμένων για το σκοπό αυτό σημείων.');

INSERT INTO rule values(
'Ru0002',
'ABOUT PASSPORT',
'Ο ενδιαφερόμενος, που επιθυμεί να εφοδιαστεί με διαβατήριο, προσέρχεται αυτοπρόσωπα στο γραφείο διαβατηρίων του τόπου κατοικίας του και καταθέτει αίτηση – υπεύθυνη δήλωση, η οποία εκτυπώνεται μετά την καταχώρηση των στοιχείων του, σε ηλεκτρονική φόρμα από την υπηρεσία παραλαβής, αφού προηγουμένως την ελέγξει και εν συνεχεία την υπογράψει, επιβεβαιώνοντας με αυτό τον τρόπο το περιεχόμενό της.',
'Ο ενδιαφερόμενος, που επιθυμεί να εφοδιαστεί με διαβατήριο, προσέρχεται αυτοπρόσωπα στο γραφείο διαβατηρίων του τόπου κατοικίας του και καταθέτει αίτηση – υπεύθυνη δήλωση, η οποία εκτυπώνεται μετά την καταχώρηση των στοιχείων του, σε ηλεκτρονική φόρμα από την υπηρεσία παραλαβής, αφού προηγουμένως την ελέγξει και εν συνεχεία την υπογράψει, επιβεβαιώνοντας με αυτό τον τρόπο το περιεχόμενό της.');

INSERT INTO rule values(
'Ru0003',
'ABOUT PASSPORT',
'Παράλληλα υποβάλλει τα κατά περίπτωση προβλεπόμενα δικαιολογητικά.',
'Παράλληλα υποβάλλει τα κατά περίπτωση προβλεπόμενα δικαιολογητικά.');

INSERT INTO rule values(
'Ru0004',
'ABOUT PASSPORT',
'Εφόσον στο πρόσωπό του συντρέχουν σοβαροί λόγοι υγείας, που καθιστούν αδύνατη ή δυσχεραίνουν ουσιωδώς την μετακίνησή του και αποδεικνύονται με ιατρικό πιστοποιητικό κρατικού νοσοκομείου, για την παραλαβή των δικαιολογητικών μεταβαίνει στον ενδιαφερόμενο υπάλληλος της υπηρεσίας.',
'Εφόσον στο πρόσωπό του συντρέχουν σοβαροί λόγοι υγείας, που καθιστούν αδύνατη ή δυσχεραίνουν ουσιωδώς την μετακίνησή του και αποδεικνύονται με ιατρικό πιστοποιητικό κρατικού νοσοκομείου, για την παραλαβή των δικαιολογητικών μεταβαίνει στον ενδιαφερόμενο υπάλληλος της υπηρεσίας.');

INSERT INTO rule values(
'Ru0005',
'ABOUT PASSPORT',
'Έλληνες που διαμένουν μόνιμα στο εξωτερικό ή βρίσκονται εκεί για συγκεκριμένους λόγους και είναι για ορισμένο χρονικό διάστημα στην Ελλάδα, δύνανται να υποβάλλουν τα δικαιολογητικά κατ εξαίρεση και στα γραφεία διαβατηρίων των τόπων προσωρινής διαμονής των στην χώρα.',
'Έλληνες που διαμένουν μόνιμα στο εξωτερικό ή βρίσκονται εκεί για συγκεκριμένους λόγους και είναι για ορισμένο χρονικό διάστημα στην Ελλάδα, δύνανται να υποβάλλουν τα δικαιολογητικά κατ εξαίρεση και στα γραφεία διαβατηρίων των τόπων προσωρινής διαμονής των στην χώρα.');



INSERT INTO rule values(
'Ru0006',
'CASES OF PASSPORT ISSUE',
'1) Αρχική έκδοση : Έντυπο αίτησης – υπεύθυνης δήλωσης Ε1β.
Χρησιμοποιείται όταν ο ενδιαφερόμενος εφοδιάζεται για πρώτη φορά με διαβατήριο, σύμφωνα με τις διατάξεις του Ν. 3103/2003. Υπόδειγμα http://www.passport.gov.gr/tools/downloads/samples/',
'1) Αρχική έκδοση : Έντυπο Ε1β.
Χρησιμοποιείται όταν ο ενδιαφερόμενος εφοδιάζεται για πρώτη φορά με διαβατήριο.
Υπόδειγμα http://www.passport.gov.gr/tools/downloads/samples/');

INSERT INTO rule values(
'Ru0007',
'CASES OF PASSPORT ISSUE',
'2) Ανανέωση : Έντυπο αίτησης – υπεύθυνης δήλωσης Ε2β.
Χρησιμοποιείται όταν έχει εκδοθεί στο παρελθόν διαβατήριο από την Ελληνική Αστυνομία σύμφωνα με τις διατάξεις του Ν. 3103/2003, το οποίο έχει λήξει ή ζητείται η ανανέωσή του εντός 12μήνου πριν τη λήξη του. 
Με την έκδοση του νέου διαβατηρίου παύει αυτοδίκαια η ισχύς του προηγουμένου, στο οποίο τίθεται σχετική ένδειξη.',
'2) Ανανέωση : Έντυπο Ε2β.
Χρησιμοποιείται όταν έχει εκδοθεί στο παρελθόν διαβατήριο από την ΕΛ.ΑΣ., το οποίο έχει λήξει ή ζητείται η ανανέωσή του εντός 12μήνου πριν τη λήξη του. 
Με την έκδοση του νέου διαβατηρίου παύει αυτοδίκαια η ισχύς του προηγουμένου, στο οποίο τίθεται σχετική ένδειξη.');

INSERT INTO rule values(
'Ru0008',
'CASES OF PASSPORT ISSUE',
'3) Αντικατάσταση : Έντυπο αίτησης – υπεύθυνης δήλωσης Ε3β.
Χρησιμοποιείται στις κάτωθι περιπτώσεις :
1. Συμπλήρωση σελίδων, 
2. Μεταβολές στοιχείων, 
3. Αλλοιώσεις/φθορές στο διαβατήριο ( φωτογραφία ή εσωτερικές σελίδες), 
4. Αναφέρονται κράτη μη επιθυμητά, 
5. Έκδοση ηλεκτρονικού διαβατηρίου. 
Στις περιπτώσεις αυτές γίνεται έλεγχος - επιβεβαίωση του λόγου που επικαλείται ο ενδιαφερόμενος και αφού ληφθούν θεωρημένα φωτοαντίγραφα της σελίδας προσωπικών δεδομένων και όσων άλλων πιστοποιούν την αναγκαιότητα αντικατάστασης, τα οποία τηρούνται στο αρχείο της Υπηρεσίας, το διαβατήριο επιστρέφεται στον δικαιούχο. Με την παραλαβή του νέου διαβατηρίου, το παλαιό ακυρώνεται.',
'3) Αντικατάσταση : Έντυπο  Ε3β.
Χρησιμοποιείται στις περιπτώσεις  α) συμπλήρωσης σελίδων, β) μεταβολών στοιχείων, γ) σε αλλοιώσεις/φθορές στο διαβατήριο ( φωτογραφία ή εσωτερικές σελίδες), δ) όταν  αναφέρονται κράτη μη επιθυμητά, ε) για την έκδοση ηλεκτρονικού διαβατηρίου. 
Με την παραλαβή του νέου διαβατηρίου, το παλαιό ακυρώνεται.');

INSERT INTO rule values(
'Ru0009',
'CASES OF PASSPORT ISSUE',
'4) Απώλεια – κλοπή : Έντυπο αίτησης – υπεύθυνης δήλωσης Ε4β.
Χρησιμοποιείται για την αντικατάσταση διαβατηρίου που έχει δηλωθεί ως κλαπέν ή απωλεσθέν.
Στις περιπτώσεις των κλοπών - απωλειών, τα στοιχεία της αίτησης που αφορούν τον αριθμό του παλαιού διαβατηρίου και την ημερομηνία λήξης, συμπληρώνονται από τα γραφεία διαβατηρίων.',
'4) Απώλεια – κλοπή : Έντυπο Ε4β.
Χρησιμοποιείται για την αντικατάσταση διαβατηρίου που έχει δηλωθεί ως κλαπέν ή απωλεσθέν.');




INSERT INTO rule values(
'Ru0010',
'PASSPORT ISSUE PROCEDURE',
'1) Ο ενδιαφερόμενος μεταβαίνει αυτοπροσώπως στο γραφείο  Υποδοχής Αιτήσεων της Διεύθυνσης Διαβατηρίων της Ελληνικής Αστυνομίας και καταθέτει τα απαραίτητα δικαιολογητικά.',
'1) Ο ενδιαφερόμενος μεταβαίνει αυτοπροσώπως στο γραφείο  Υποδοχής Αιτήσεων της Διεύθυνσης Διαβατηρίων της Ελληνικής Αστυνομίας και καταθέτει τα απαραίτητα δικαιολογητικά.');

INSERT INTO rule values(
'Ru0011',
'PASSPORT ISSUE PROCEDURE',
'2) Για την υποβολή των δικαιολογητικών από ανήλικο ενδιαφερόμενο απαιτείται πέραν της παρουσίας του ανηλίκου και η αυτοπρόσωπη παρουσία των ασκούντων την επιμέλεια. Όταν η επιμέλεια ασκείται από τους δύο γονείς, αρκεί η αυτοπρόσωπη παρουσία του ενός και η έγγραφη συναίνεση του άλλου γονέα, του οποίου το ιδιόχειρο της υπογραφής βεβαιώνεται από οποιαδήποτε αρμόδια Διοικητική Αρχή.',
'2) Για την υποβολή των δικαιολογητικών από ανήλικο ενδιαφερόμενο απαιτείται πέραν της παρουσίας του ανηλίκου και η αυτοπρόσωπη παρουσία των ασκούντων την επιμέλεια.');

INSERT INTO rule values(
'Ru0012',
'PASSPORT ISSUE PROCEDURE',
'3) Εφόσον στο πρόσωπό του ενδιαφερομένου συντρέχουν σοβαροί λόγοι υγείας, που καθιστούν αδύνατη ή δυσχεραίνουν ουσιωδώς την μετακίνησή του, αποδεικνύονται με ιατρικό πιστοποιητικό κρατικού νοσοκομείου, για την παραλαβή των δικαιολογητικών μεταβαίνει στον ενδιαφερόμενο υπάλληλος της υπηρεσίας διαβατηρίων.',
'3) Αν ο ενδιαφερόμενος δεν μπορεί να μετακινηθεί για σοβαρούς λόγους υγείας, για την παραλαβή των δικαιολογητικών μεταβαίνει στον ενδιαφερόμενο υπάλληλος της υπηρεσίας διαβατηρίων.');

INSERT INTO rule values(
'Ru0013',
'PASSPORT ISSUE PROCEDURE',
'4) Τα γραφεία υποδοχής ελέγχουν τα δικαιολογητικά που κατατίθενται και αν συντρέχουν οι προϋποθέσεις χορήγησης διαβατηρίου. Η ημερομηνία έκδοσης των υποβαλλομένων κατά περίπτωση δικαιολογητικών δεν μπορεί να απέχει πέραν των έξι (6) μηνών από την ημερομηνία υποβολής τους στις αρμόδιες υπηρεσίες παραλαβής. ',
'4) Τα γραφεία υποδοχής ελέγχουν τα δικαιολογητικά που κατατίθενται και αν συντρέχουν οι προϋποθέσεις χορήγησης διαβατηρίου.');

INSERT INTO rule values(
'Ru0014',
'PASSPORT ISSUE PROCEDURE',
'5) Σε περίπτωση απόρριψης του αιτήματος ο ενδιαφερόμενος ενημερώνεται από το γραφείο υποδοχής με προσωπική επιστολή και επιστρέφεται το καταβληθέν ποσό για τα παράβολα.',
'5) Σε περίπτωση απόρριψης του αιτήματος ο ενδιαφερόμενος ενημερώνεται από το γραφείο υποδοχής με προσωπική επιστολή και επιστρέφεται το καταβληθέν ποσό για τα παράβολα.');

INSERT INTO rule values(
'Ru0015',
'PASSPORT ISSUE PROCEDURE',
'6) Τα δικαιολογητικά διαβιβάζονται στην Κεντρική Υπηρεσία έκδοσης διαβατηρίων με ταχυμεταφορά.',
'6) Τα δικαιολογητικά διαβιβάζονται στην Κεντρική Υπηρεσία έκδοσης διαβατηρίων με ταχυμεταφορά.');

INSERT INTO rule values(
'Ru0016',
'PASSPORT ISSUE PROCEDURE',
'7) Η Κεντρική Υπηρεσία, εκδίδει το διαβατήριο εντός τριών (3) εργάσιμων ημερών από την παραλαβή όλων των απαραίτητων δικαιολογητικών. Υπό προϋποθέσεις η έκδοση διαβατηρίου μπορεί να πραγματοποιηθεί εντός μίας (1) εργάσιμης ημέρας.',
'7) Η Κεντρική Υπηρεσία, εκδίδει το διαβατήριο εντός τριών (3) εργάσιμων ημερών από την παραλαβή όλων των απαραίτητων δικαιολογητικών. Υπό προϋποθέσεις η έκδοση διαβατηρίου μπορεί να πραγματοποιηθεί εντός μίας (1) εργάσιμης ημέρας.');

INSERT INTO rule values(
'Ru0017',
'PASSPORT ISSUE PROCEDURE',
'8) Το νέο διαβατήριο αποστέλλεται με τον ίδιο τρόπο στην Υπηρεσία όπου υποβλήθηκε η αίτηση.',
'8) Το νέο διαβατήριο αποστέλλεται με τον ίδιο τρόπο στην Υπηρεσία όπου υποβλήθηκε η αίτηση.');

INSERT INTO rule values(
'Ru0018',
'PASSPORT ISSUE PROCEDURE',
'9) Ο ενδιαφερόμενος παραλαμβάνει το διαβατήριο από το γραφείο υποδοχής αυτοπροσώπως ή με εξουσιοδότηση, προσκομίζοντας την απόδειξη κατάθεσης.',
'9) Ο ενδιαφερόμενος παραλαμβάνει το διαβατήριο από το γραφείο υποδοχής αυτοπροσώπως ή με εξουσιοδότηση, προσκομίζοντας την απόδειξη κατάθεσης.');

INSERT INTO rule values(
'Ru0019',
'PASSPORT ISSUE PROCEDURE',
'10) Διαβατήριο το οποίο δεν παραλαμβάνεται μέσα σε έξι (6) μήνες από την έκδοσή του επιστρέφεται στην κεντρική υπηρεσία και ακυρώνεται.',
'10) Διαβατήριο το οποίο δεν παραλαμβάνεται μέσα σε έξι (6) μήνες από την έκδοσή του επιστρέφεται στην κεντρική υπηρεσία και ακυρώνεται.');


INSERT INTO rule values(
'Ru0020',
'PLACE OF SUBMISSION OF DOCUMENTS',
'Στον Ελλαδικό χώρο : ',
'Στον Ελλαδικό χώρο : ');

INSERT INTO rule values(
'Ru0021',
'PLACE OF SUBMISSION OF DOCUMENTS',
'1) Στα Γραφεία Υποδοχής Αιτήσεων της Διεύθυνσης Διαβατηρίων της Ελληνικής Αστυνομίας, του τόπου κατοικίας του ενδιαφερομένου. Τα γραφεία διαβατηρίων λειτουργούν διαφορετικές ώρες και ορισμένα εξ αυτών λειτουργούν και τις Κυριακές. Λεπτομέρειες παρέχονται στη σελίδα http://www.passport.gov.gr/grafeia-kai-orario/grafeia-diavatirion-ellada/',
'1) Στα Γραφεία διαβατηρίων, του τόπου κατοικίας του ενδιαφερομένου. Λειτουργούν διαφορετικές ώρες και ορισμένα εξ αυτών λειτουργούν και τις Κυριακές. Λεπτομέρειες παρέχονται στη σελίδα http://www.passport.gov.gr/grafeia-kai-orario/grafeia-diavatirion-ellada/');

INSERT INTO rule values(
'Ru0022',
'PLACE OF SUBMISSION OF DOCUMENTS',
'2) Στις περιπτώσεις της κατά προτεραιότητα χορήγησης διαβατηρίου, δύναται να κατατίθενται οι αιτήσεις και τα δικαιολογητικά, κατ εξαίρεση στο Γραφείο διαβατηρίων που λειτουργεί στο αστυνομικό κατάστημα του Α.Τ. Παγκρατίου.',
'2) Κατ εξαίρεση στις επειγουσες εκδόσεις διαβατηρίων οι αιτήσεις και τα δικαιολογητικά μπορεί να κατατίθενται στο Γραφείο διαβατηρίων του ΑΤ Παγκρατίου.');

INSERT INTO rule values(
'Ru0023',
'PLACE OF SUBMISSION OF DOCUMENTS',
'3) Έλληνες που διαμένουν μόνιμα στο εξωτερικό ή βρίσκονται εκεί για συγκεκριμένους λόγους και είναι για ορισμένο χρονικό διάστημα στην Ελλάδα, δύνανται να υποβάλλουν τα δικαιολογητικά κατ εξαίρεση και στα γραφεία διαβατηρίων των τόπων προσωρινής διαμονής των στην χώρα.',
'3) Έλληνες που διαμένουν μόνιμα στο εξωτερικό ή βρίσκονται εκεί για συγκεκριμένους λόγους και είναι για ορισμένο χρονικό διάστημα στην Ελλάδα, δύνανται να υποβάλλουν τα δικαιολογητικά κατ εξαίρεση και στα γραφεία διαβατηρίων των τόπων προσωρινής διαμονής των στην χώρα.');

INSERT INTO rule values(
'Ru0024',
'PLACE OF SUBMISSION OF DOCUMENTS',
'Στο εξωτερικό :',
'Στο εξωτερικό :');

INSERT INTO rule values(
'Ru0025',
'PLACE OF SUBMISSION OF DOCUMENTS',
'1) Στην αλλοδαπή οι έμμισθες Προξενικές Αρχές , δέχονται τα δικαιολογητικά για την έκδοση διαβατηρίων των Ελλήνων πολιτών που διαμένουν στο εξωτερικό, ή βρίσκονται εκεί για εργασία, σπουδές, τουρισμό ή λόγους υγείας. Λεπτομέρειες για τις προξενικές Αρχές της Ελλάδας στο εξωτερικό παρέχονται στη σελίδα http://www.passport.gov.gr/grafeia-kai-orario/grafeia-diavatirion-world/',
'1) Στην αλλοδαπή οι έμμισθες Προξενικές Αρχές , δέχονται τα δικαιολογητικά για την έκδοση διαβατηρίων των Ελλήνων πολιτών που διαμένουν στο εξωτερικό, ή βρίσκονται εκεί για εργασία, σπουδές, τουρισμό ή λόγους υγείας. Λεπτομέρειες για τις προξενικές Αρχές της Ελλάδας στο εξωτερικό παρέχονται στη σελίδα http://www.passport.gov.gr/grafeia-kai-orario/grafeia-diavatirion-world/');

INSERT INTO rule values(
'Ru0026',
'PLACE OF SUBMISSION OF DOCUMENTS',
'2) Τα δικαιολογητικά υποβάλλονται αυτοπρόσωπα από τους ενδιαφερομένους και εκτός ελάχιστων εξαιρέσεων, είναι τα αυτά που κατατίθενται στο εσωτερικό της χώρας. Επίσης τηρείται η ίδια διαδικασία, με εξαίρεση την αποστολή των δικαιολογητικών στην Διεύθυνση Διαβατηρίων και την επιστροφή αυτών με τα εκδοθέντα νέα διαβατήρια, η οποία και πραγματοποιείται με διπλωματικούς σάκους, μέσω της αρμόδιας Υπηρεσίας του Υπουργείου Εξωτερικών.',
'2) Τα δικαιολογητικά υποβάλλονται αυτοπρόσωπα από τους ενδιαφερομένους και εκτός ελάχιστων εξαιρέσεων, είναι τα αυτά που κατατίθενται στο εσωτερικό της χώρας. Επίσης τηρείται η ίδια διαδικασία.');



INSERT INTO rule values(
'Ru0027',
'DURATION OF PASSPORT',
'1) Πέντε (5) χρόνια : Των ενηλίκων και τον ανηλίκων άνω των 14 ετών από την ημέρα έκδοσης.',
'1) Πέντε (5) χρόνια : Των ενηλίκων και τον ανηλίκων άνω των 14 ετών από την ημέρα έκδοσης.');

INSERT INTO rule values(
'Ru0028',
'DURATION OF PASSPORT',
'2) Τρία (3) χρόνια  : Των  λοιπών ανηλίκων (έως 14 ετών), από την ημερομηνία έκδοσης.',
'2) Τρία (3) χρόνια  : Των  λοιπών ανηλίκων (έως 14 ετών), από την ημερομηνία έκδοσης.');

INSERT INTO rule values(
'Ru0029',
'DURATION OF PASSPORT',
'3) Δεκατρείς (13) μήνες : Το διαβατήριο που χορηγείται κατ  εξαίρεση στην περίπτωση χορήγησης σε πολίτη που εμπίπτει σε απαγόρευση έκδοσης διαβατηρίου όταν αυτή αίρεται  με δικαστική απόφαση ή εισαγγελική διάταξη, εφόσον είναι αναγκαία η μετάβαση του στην αλλοδαπή για λόγους νοσηλείας ή θανάτου ή σοβαρής ασθένειας.',
'3) Δεκατρείς (13) μήνες : Αφορά διαβατήριο που χορηγείται κατ  εξαίρεση όταν υπάρχει απαγόρευση έκδοσης διαβατηρίου και αυτή αίρεται  με δικαστική απόφαση ή εισαγγελική διάταξη, εφόσον είναι αναγκαία η μετάβαση του στην αλλοδαπή για λόγους νοσηλείας ή θανάτου ή σοβαρής ασθένειας.');

INSERT INTO rule values(
'Ru0030',
'DURATION OF PASSPORT',
'4) Οκτώ (8) μήνες : Αποκλειστικά και μόνο για τις περιπτώσεις που η λήψη δακτυλικών αποτυπωμάτων είναι προσωρινά αδύνατη.',
'4) Οκτώ (8) μήνες : Αποκλειστικά και μόνο για τις περιπτώσεις που η λήψη δακτυλικών αποτυπωμάτων είναι προσωρινά αδύνατη.');
	
INSERT INTO rule values(
'Ru0031',
'DURATION OF PASSPORT',
'5) Τρείς (3) μήνες : Αποκλειστικά και μόνο για τις περιπτώσεις διαβατηρίων που αφορούν μεταγωγή κρατουμένου από σωφρονιστικό κατάστημα της αλλοδαπής στην ημεδαπή και αντιστρόφως.',
'5) Τρείς (3) μήνες : Αφορά διαβατήρια για μεταγωγή κρατουμένου από σωφρονιστικό κατάστημα της αλλοδαπής στην ημεδαπή και αντιστρόφως.');

INSERT INTO rule values(
'Ru0032',
'DURATION OF PASSPORT',
'6) Διάρκεια ίδια με αυτού που αντικαθίσταται : Αφορά στις περιπτώσεις αντικατάστασης διαβατηρίου.',
'6) Διάρκεια ίδια με αυτού που αντικαθίσταται : Αφορά στις περιπτώσεις αντικατάστασης διαβατηρίου.');


INSERT INTO rule values(
'Ru0033',
'EMERGENCY PASSPORT ISSUANCE',
'Κατ εξαίρεση, η έκδοση του διαβατηρίου γίνεται, κατά προτεραιότητα, εντός μίας (1) εργάσιμης ημέρας από την παραλαβή της αίτησης από την Διεύθυνση Διαβατηρίων, εφόσον συντρέχουν περιοριστικά οι ακόλουθοι λόγοι:',
'Κατ εξαίρεση, μπορεί να εκδοθεί διαβατήριο εντός μίας (1) εργάσιμης ημέρας, εφόσον συντρέχουν περιοριστικά οι ακόλουθοι λόγοι:');

INSERT INTO rule values(
'Ru0034',
'EMERGENCY PASSPORT ISSUANCE',
'1) Προσωπικοί σοβαροί λόγοι υγείας, οι οποίοι επιβάλλουν νοσηλεία στο εξωτερικό. Με την ίδια διαδικασία χορηγείται διαβατήριο και στον σύζυγο ή συγγενή ασθενούς μέχρι β βαθμού, καθώς και στον ιατρό ή νοσηλευτή που πρόκειται να συνοδεύσουν τον ασθενή.',
'1) Προσωπικοί σοβαροί λόγοι υγείας, οι οποίοι επιβάλλουν νοσηλεία στο εξωτερικό. Με την ίδια διαδικασία χορηγείται διαβατήριο και στον σύζυγο ή συγγενή ασθενούς μέχρι β βαθμού, καθώς και στον ιατρό ή νοσηλευτή που πρόκειται να συνοδεύσουν τον ασθενή.');

INSERT INTO rule values(
'Ru0035',
'EMERGENCY PASSPORT ISSUANCE',
'2) Θάνατος συγγενούς εξ αίματος ή εξ αγχιστείας μέχρι β βαθμού.',
'2) Θάνατος συγγενούς εξ αίματος ή εξ αγχιστείας μέχρι β βαθμού.');

INSERT INTO rule values(
'Ru0036',
'EMERGENCY PASSPORT ISSUANCE',
'3) Τραυματισμός ή σοβαρός λόγος υγείας που αποδεικνύεται με ιατρικό πιστοποιητικό αλλοδαπού κρατικού νοσοκομείου.',
'3) Τραυματισμός ή σοβαρός λόγος υγείας που αποδεικνύεται με ιατρικό πιστοποιητικό αλλοδαπού κρατικού νοσοκομείου.');

INSERT INTO rule values(
'Ru0037',
'EMERGENCY PASSPORT ISSUANCE',
'4) Εξαφάνιση συγγενούς μέχρι β βαθμού του ενδιαφερομένου που διαμένει στο εξωτερικό.',
'4) Εξαφάνιση συγγενούς μέχρι β βαθμού του ενδιαφερομένου που διαμένει στο εξωτερικό.');

INSERT INTO rule values(
'Ru0038',
'EMERGENCY PASSPORT ISSUANCE',
'5) Πρόκληση καταστροφής στην περιουσία του ενδιαφερομένου συνεπεία φυσικών καταστροφών ή άλλων γεγονότων ανωτέρας βίας.',
'5) Πρόκληση καταστροφής στην περιουσία του ενδιαφερομένου συνεπεία φυσικών καταστροφών ή άλλων γεγονότων ανωτέρας βίας.');



INSERT INTO rule values(
'Ru0039',
'LOSS-THEFT OF PASSPORT',
'1) Σε περίπτωση απώλειας ή κλοπής διαβατηρίου, ο ενδιαφερόμενος υποχρεούται να υποβάλει αμέσως στην πλησιέστερη αστυνομική ή προξενική αρχή υπεύθυνη δήλωση του άρθρου 8 του Ν.1599/1986, για τον τόπο, το χρόνο και τις συνθήκες απώλειας ή κλοπής του διαβατηρίου του. 
Στις περιπτώσεις αυτές ενημερώνονται αμέσως η Διεύθυνση Κρατικής Ασφάλειας του Αρχηγείου Ελληνικής Αστυνομίας, καθώς και οι Υπηρεσίες που ασκούν διαβατηριακό έλεγχο.',
'1) Σε περίπτωση απώλειας ή κλοπής διαβατηρίου, ο ενδιαφερόμενος υποχρεούται να υποβάλει αμέσως στην πλησιέστερη αστυνομική ή προξενική αρχή υπεύθυνη δήλωση του άρθρου 8 του Ν.1599/1986, για τον τόπο, το χρόνο και τις συνθήκες απώλειας ή κλοπής του διαβατηρίου του.');

INSERT INTO rule values(
'Ru0040',
'LOSS-THEFT OF PASSPORT',
'2) Για τις συνθήκες απώλειας ή κλοπής του διαβατηρίου ενεργείται έρευνα από τις αρμόδιες αστυνομικές ή προξενικές αρχές, η οποία μπορεί να διαρκέσει μέχρι τρεις μήνες από την ημερομηνία υποβολής της δήλωσης. 
Σε περίπτωση νέας δήλωσης για απώλεια ή κλοπή διαβατηρίου εντός πενταετίας, η έρευνα μπορεί να διαρκέσει μέχρι ένα έτος ανάλογα με τη σοβαρότητα της περίπτωσης.',
'2) Για τις συνθήκες απώλειας ή κλοπής του διαβατηρίου ενεργείται έρευνα η οποία μπορεί να διαρκέσει μέχρι τρεις μήνες.
Σε περίπτωση νέας δήλωσης εντός πενταετίας, η έρευνα μπορεί να διαρκέσει μέχρι ένα έτος.');

INSERT INTO rule values(
'Ru0041',
'LOSS-THEFT OF PASSPORT',
'3) Όσο διαρκεί η έρευνα από τις αρμόδιες αστυνομικές ή προξενικές αρχές, η οποία μπορεί να διαρκέσει μέχρι τρεις μήνες από την ημερομηνία υποβολής της δήλωσης, δεν χορηγείται νέο διαβατήριο στον δικαιούχο του απωλεσθέντος ή κλαπέντος, εκτός αν  συντρέχει κάποια από τις εξής περιπτώσεις :   
Νοσηλεία στην αλλοδαπή του ιδίου ή του συζύγου ή συγγενούς αυτού εξ αίματος ή εξ αγχιστείας μέχρι β βαθμού, για σοβαρούς λόγους υγείας, θάνατος ή σοβαρή ασθένεια στην αλλοδαπή του συζύγου ή συγγενούς αυτού εξ αίματος ή εξ αγχιστείας μέχρι β βαθμού, σοβαρός λόγος άμεσης μετάβασης του ενδιαφερομένου στην αλλοδαπή όπως ναυτολόγηση ναυτικού ή επιστροφή μονίμου κατοίκου του εξωτερικού.',
'3) Όσο διαρκεί η έρευνα, δεν χορηγείται νέο διαβατήριο, εκτός αν  συντρέχουν  σοβαροί λόγοι υγείας ή  σοβαρός λόγος άμεσης μετάβασης στην αλλοδαπή όπως ναυτολόγηση ναυτικού ή επιστροφή μονίμου κατοίκου του εξωτερικού.');

INSERT INTO rule values(
'Ru0042',
'LOSS-THEFT OF PASSPORT',
'4) Συνιστάται Επιτροπή η οποία είναι αρμόδια να αξιολογεί τις περιπτώσεις απώλειας ή κλοπής διαβατηρίων και να αποφαίνεται σχετικά με τη χορήγηση νέου διαβατηρίου στον δικαιούχο του απωλεσθέντος ή κλαπέντος. 
Η Επιτροπή αυτή συγκροτείται με απόφαση του Αρχηγού της Ελληνικής Αστυνομίας και αποτελείται από τον Υπαρχηγό της Ελληνικής Αστυνομίας, τον Προϊστάμενο του Κλάδου Ασφάλειας και Τάξης του Αρχηγείου της Ελληνικής Αστυνομίας και το Διευθυντή της Διεύθυνσης Διαβατηρίων του Αρχηγείου της Ελληνικής Αστυνομίας.',
'Περισσότερες λεπτομέρειες παρέχονται στη σελίδα http://www.passport.gov.gr/tools/faq/klopiapoleia.html');

INSERT INTO rule values(
'Ru0043',
'LOSS-THEFT OF PASSPORT',
'5) Το διαβατήριο του οποίου έχει δηλωθεί απώλεια ή κλοπή θεωρείται αυτοδικαίως άκυρο από της υποβολής της σχετικής δήλωσης. 
Σε περίπτωση ανεύρεσης του, παραδίδεται στην Υπηρεσία, στην οποία δηλώθηκε η απώλεια ή κλοπή και εφαρμόζονται περαιτέρω ανάλογα οι διατάξεις της παρ. 3 του άρθρου 3 του παρόντος, εκτός αν έχει κατασχεθεί στα πλαίσια της ποινικής διαδικασίας.',
'');



INSERT INTO rule values(
'Ru0044',
'CANCELLATION OF PASSPORT',
'1) Διαβατήριο που εκδόθηκε με τη χρήση πλαστών, νοθευμένων, παραποιημένων, άκυρων ή ψευδών δικαιολογητικών ή φέρει ενδείξεις νόθευσης, αλλοίωσης ή παραποίησης των στοιχείων του, κατάσχεται από την υπηρεσία που διαπιστώνει το γεγονός. 
Το διαβατήριο αυτό ακυρώνεται από την υπηρεσία που το εξέδωσε σε περίπτωση που εκδοθεί σχετικώς αμετάκλητη καταδικαστική απόφαση ποινικού δικαστηρίου. Διαβατήριο που ανήκε σε θανόντα παραδίδεται με επιμέλεια των  οικείων ή νομίμων κληρονόμων του στην υπηρεσία που το εξέδωσε και ακυρώνεται.',
'1) Διαβατήριο που εκδόθηκε με τη χρήση πλαστών, νοθευμένων, παραποιημένων, άκυρων ή ψευδών δικαιολογητικών ή φέρει ενδείξεις νόθευσης, αλλοίωσης ή παραποίησης των στοιχείων του, κατάσχεται από την υπηρεσία που διαπιστώνει το γεγονός. 
Το διαβατήριο αυτό ακυρώνεται.');

INSERT INTO rule values(
'Ru0045',
'CANCELLATION OF PASSPORT',
'2) Εφόσον κατά τον έλεγχο από τις αρμόδιες αστυνομικές ή προξενικές αρχές διαπιστωθεί ότι σε βάρος κατόχου διαβατηρίου εκκρεμεί απόφαση απαγόρευσης εξόδου από τη Χώρα ή έχει ασκηθεί ποινική δίωξη για κακούργημα ή αδίκημα της περίπτωσης α της παρ. 2 του άρθρου 1 του ΠΔ.25/2004, το διαβατήριο αφαιρείται και αποστέλλεται προς φύλαξη στη Διεύθυνση Διαβατηρίων του Αρχηγείου Ελληνικής Αστυνομίας. 
Ο κάτοχος του διαβατηρίου που αφαιρέθηκε μπορεί να το παραλάβει αντιστοίχως μετά την άρση του μέτρου της απαγόρευσης εξόδου ή μετά την οριστική παύση της ποινικής δίωξης ή την έκδοση απαλλακτικού βουλεύματος ή τελεσίδικης αθωωτικής απόφασης. 
Σε περίπτωση έκδοσης τελεσίδικης καταδικαστικής απόφασης για τα αδικήματα της περίπτωσης α της παρ. 2 του άρθρου 1 του ΠΔ.25/2004, το διαβατήριο δεν παραδίδεται πριν την παρέλευση του χρονικού διαστήματος που προβλέπεται στην ίδια διάταξη.',
'2) Εφόσον μετά από έλεγχο διαπιστωθεί ότι σε βάρος κατόχου διαβατηρίου εκκρεμεί απόφαση απαγόρευσης εξόδου από τη Χώρα ή έχει ασκηθεί ποινική δίωξη για συγκεκριμένες περιπτώσεις, το διαβατήριο αφαιρείται.');

INSERT INTO rule values(
'Ru0046',
'CANCELLATION OF PASSPORT',
'3) Σε περίπτωση που μεταβληθούν τα στοιχεία προσωπικής κατάστασης του κατόχου που αναγράφονται στο διαβατήριο, αυτό ακυρώνεται, σύμφωνα με την παρ. 3 του άρθρου 3 του ΠΔ.25/2004, ανεξαρτήτως της υποβολής αίτησης αντικατάστασης.',
'3) Σε περίπτωση που μεταβληθούν τα στοιχεία προσωπικής κατάστασης του κατόχου που αναγράφονται στο διαβατήριο, αυτό ακυρώνεται, ανεξαρτήτως της υποβολής αίτησης αντικατάστασης.');



INSERT INTO rule values(
'Ru0047',
'PASSPORT CONTENT',
'1) Στο διαβατήριο αναγράφονται τα στοιχεία προσωπικής κατάστασης του κατόχου, ήτοι επώνυμο, όνομα, ιθαγένεια, ημερομηνία και τόπος γέννησης, φύλο και ύψος του κατόχου. 
Το επώνυμο και το όνομα αναγράφονται και με λατινικούς χαρακτήρες.  Στην ίδια σελίδα αναγράφονται επίσης η εκδούσα αρχή, ο αριθμός του διαβατηρίου, οι ημερομηνίες έκδοσης και λήξης αυτού, ενώ περιλαμβάνεται η εκτυπωμένη φωτογραφία του κατόχου. ',
'1) Στο διαβατήριο αναγράφονται το επώνυμο, όνομα, ιθαγένεια, ημερομηνία και τόπος γέννησης, φύλο και ύψος του κατόχου. 
Το επώνυμο και το όνομα αναγράφονται και με λατινικούς χαρακτήρες.  Στην ίδια σελίδα αναγράφονται επίσης η εκδούσα αρχή, ο αριθμός του διαβατηρίου, οι ημερομηνίες έκδοσης και λήξης αυτού, ενώ περιλαμβάνεται η εκτυπωμένη φωτογραφία του κατόχου.');

INSERT INTO rule values(
'Ru0048',
'PASSPORT CONTENT',
'2) Στο διαβατήριο περιλαμβάνονται επίσης η υπογραφή του, εφόσον αυτός είναι άνω των δώδεκα (12) ετών, καθώς και ενσωματωμένο μέσο αποθήκευσης στο οποίο περιέχονται η φωτογραφία του κατόχου, τα στοιχεία που αναγράφονται στη μηχανικώς αναγνώσιμη ζώνη του διαβατηρίου και τα δακτυλικά αποτυπώματα, υπό μορφή που εξασφαλίζεται η διαλειτουργικότητα. ',
'2) Επίσης η υπογραφή του, εφόσον αυτός είναι άνω των δώδεκα (12) ετών, καθώς και αποθηκευμένα ψηφιακά η φωτογραφία του κατόχου και τα δακτυλικά αποτυπώματα.');

INSERT INTO rule values(
'Ru0049',
'PASSPORT CONTENT',
'3) Στα διαβατήρια που χορηγούνται σε ανηλίκους κάτω των δώδεκα (12) ετών καθώς και σε πρόσωπα για τα οποία δεν είναι δυνατή μόνιμα ή προσωρινά η λήψη δακτυλικών αποτυπωμάτων, το ενσωματωμένο μέσο αποθήκευσης περιέχει μόνο τη φωτογραφία και τα στοιχεία που αναφέρονται στη μηχανικώς αναγνώσιμη ζώνη. ',
'3) Στα διαβατήρια που χορηγούνται σε ανηλίκους κάτω των δώδεκα (12) ετών καθώς και σε πρόσωπα για τα οποία δεν είναι δυνατή μόνιμα ή προσωρινά η λήψη δακτυλικών αποτυπωμάτων, το ενσωματωμένο μέσο αποθήκευσης περιέχει μόνο τη φωτογραφία και τα στοιχεία.');

INSERT INTO rule values(
'Ru0050',
'PASSPORT CONTENT',
'4) Προκειμένου περί ανηλίκου κάτω των δώδεκα (12) ετών ή προσώπου που τελεί υπό επιτροπεία ή δικαστική συμπαράσταση, υπογράφει ο κατά το άρθρο 1 παρ. 3 νόμιμος εκπρόσωπός τους. ',
'4) Προκειμένου περί ανηλίκου κάτω των δώδεκα (12) ετών ή προσώπου που τελεί υπό επιτροπεία ή δικαστική συμπαράσταση, υπογράφει ο κατά το άρθρο 1 παρ. 3 νόμιμος εκπρόσωπός τους. ');

INSERT INTO rule values(
'Ru0051',
'PASSPORT CONTENT',
'5) Σε περίπτωση ενηλίκου ο οποίος αδυνατεί να υπογράψει για οποιονδήποτε άλλο λόγο, το διαβατήριο και η αίτηση υπογράφονται από ένα μάρτυρα και συντάσσεται σχετικό πρακτικό.',
'5) Σε περίπτωση ενηλίκου ο οποίος αδυνατεί να υπογράψει για οποιονδήποτε άλλο λόγο, το διαβατήριο και η αίτηση υπογράφονται από ένα μάρτυρα και συντάσσεται σχετικό πρακτικό.');

INSERT INTO rule values(
'Ru0052',
'PASSPORT CONTENT',
'Για τα βιομετρικά χαρακτηριστικά του διαβατηρίου, λεπτομέρειες παρέχονται στη σελίδα http://www.passport.gov.gr/e-passport/biometrics.html',
'Για τα βιομετρικά χαρακτηριστικά του διαβατηρίου, λεπτομέρειες παρέχονται στη σελίδα http://www.passport.gov.gr/e-passport/biometrics.html');



/* Δημιουργία πίνακα συσχέτισης Κανόνων με Γλώσσα και εισαγωγή records*/
/* -------------------------------------------------------------------------- */
CREATE TABLE rule_cvlanguage(
identifier_rule 	VARCHAR(10) NOT NULL,
code_language 		VARCHAR(3) NOT NULL,
PRIMARY KEY (identifier_rule, code_language),
FOREIGN KEY(identifier_rule) REFERENCES rule(identifier) ON DELETE CASCADE ON UPDATE CASCADE,
FOREIGN KEY(code_language) REFERENCES cvlanguage(code) ON DELETE CASCADE ON UPDATE CASCADE);

INSERT INTO rule_cvlanguage VALUES('Ru0001','EL');
INSERT INTO rule_cvlanguage VALUES('Ru0002','EL');
INSERT INTO rule_cvlanguage VALUES('Ru0003','EL');
INSERT INTO rule_cvlanguage VALUES('Ru0004','EL');
INSERT INTO rule_cvlanguage VALUES('Ru0005','EL');
INSERT INTO rule_cvlanguage VALUES('Ru0006','EL');
INSERT INTO rule_cvlanguage VALUES('Ru0007','EL');
INSERT INTO rule_cvlanguage VALUES('Ru0008','EL');
INSERT INTO rule_cvlanguage VALUES('Ru0009','EL');
INSERT INTO rule_cvlanguage VALUES('Ru0010','EL');
INSERT INTO rule_cvlanguage VALUES('Ru0011','EL');
INSERT INTO rule_cvlanguage VALUES('Ru0012','EL');
INSERT INTO rule_cvlanguage VALUES('Ru0013','EL');
INSERT INTO rule_cvlanguage VALUES('Ru0014','EL');
INSERT INTO rule_cvlanguage VALUES('Ru0015','EL');
INSERT INTO rule_cvlanguage VALUES('Ru0016','EL');
INSERT INTO rule_cvlanguage VALUES('Ru0017','EL');
INSERT INTO rule_cvlanguage VALUES('Ru0018','EL');
INSERT INTO rule_cvlanguage VALUES('Ru0019','EL');
INSERT INTO rule_cvlanguage VALUES('Ru0020','EL');
INSERT INTO rule_cvlanguage VALUES('Ru0021','EL');
INSERT INTO rule_cvlanguage VALUES('Ru0022','EL');
INSERT INTO rule_cvlanguage VALUES('Ru0023','EL');
INSERT INTO rule_cvlanguage VALUES('Ru0024','EL');
INSERT INTO rule_cvlanguage VALUES('Ru0025','EL');
INSERT INTO rule_cvlanguage VALUES('Ru0026','EL');
INSERT INTO rule_cvlanguage VALUES('Ru0027','EL');
INSERT INTO rule_cvlanguage VALUES('Ru0028','EL');
INSERT INTO rule_cvlanguage VALUES('Ru0029','EL');
INSERT INTO rule_cvlanguage VALUES('Ru0030','EL');
INSERT INTO rule_cvlanguage VALUES('Ru0031','EL');
INSERT INTO rule_cvlanguage VALUES('Ru0032','EL');
INSERT INTO rule_cvlanguage VALUES('Ru0033','EL');
INSERT INTO rule_cvlanguage VALUES('Ru0034','EL');
INSERT INTO rule_cvlanguage VALUES('Ru0035','EL');
INSERT INTO rule_cvlanguage VALUES('Ru0036','EL');
INSERT INTO rule_cvlanguage VALUES('Ru0037','EL');
INSERT INTO rule_cvlanguage VALUES('Ru0038','EL');
INSERT INTO rule_cvlanguage VALUES('Ru0039','EL');
INSERT INTO rule_cvlanguage VALUES('Ru0040','EL');
INSERT INTO rule_cvlanguage VALUES('Ru0041','EL');
INSERT INTO rule_cvlanguage VALUES('Ru0042','EL');
INSERT INTO rule_cvlanguage VALUES('Ru0043','EL');
INSERT INTO rule_cvlanguage VALUES('Ru0044','EL');
INSERT INTO rule_cvlanguage VALUES('Ru0045','EL');
INSERT INTO rule_cvlanguage VALUES('Ru0046','EL');
INSERT INTO rule_cvlanguage VALUES('Ru0047','EL');
INSERT INTO rule_cvlanguage VALUES('Ru0048','EL');
INSERT INTO rule_cvlanguage VALUES('Ru0049','EL');
INSERT INTO rule_cvlanguage VALUES('Ru0050','EL');
INSERT INTO rule_cvlanguage VALUES('Ru0051','EL');
INSERT INTO rule_cvlanguage VALUES('Ru0052','EL');

/* Δημιουργία πίνακα συσχέτισης Κανόνων με Νομοθεσία και εισαγωγή records*/
/* -------------------------------------------------------------------------- */
CREATE TABLE rule_legalresource(
identifier_rule 	VARCHAR(10) NOT NULL,
identifier_lr 		VARCHAR(10) NOT NULL,
PRIMARY KEY (identifier_rule, identifier_lr),
FOREIGN KEY(identifier_rule) REFERENCES rule(identifier) ON DELETE CASCADE ON UPDATE CASCADE,
FOREIGN KEY(identifier_lr) REFERENCES legalresource(identifier) ON DELETE CASCADE ON UPDATE CASCADE);

INSERT INTO rule_legalresource VALUES('Ru0001', 'Lr0003');
INSERT INTO rule_legalresource VALUES('Ru0002', 'Lr0003');
INSERT INTO rule_legalresource VALUES('Ru0003', 'Lr0003');
INSERT INTO rule_legalresource VALUES('Ru0004', 'Lr0003');
INSERT INTO rule_legalresource VALUES('Ru0005', 'Lr0003');

INSERT INTO rule_legalresource VALUES('Ru0006', 'Lr0003');
INSERT INTO rule_legalresource VALUES('Ru0006', 'Lr0001');
INSERT INTO rule_legalresource VALUES('Ru0007', 'Lr0003');
INSERT INTO rule_legalresource VALUES('Ru0007', 'Lr0001');
INSERT INTO rule_legalresource VALUES('Ru0007', 'Lr0007');
INSERT INTO rule_legalresource VALUES('Ru0008', 'Lr0003');
INSERT INTO rule_legalresource VALUES('Ru0009', 'Lr0003');

INSERT INTO rule_legalresource VALUES('Ru0010', 'Lr0007');
INSERT INTO rule_legalresource VALUES('Ru0011', 'Lr0007');
INSERT INTO rule_legalresource VALUES('Ru0012', 'Lr0007');
INSERT INTO rule_legalresource VALUES('Ru0013', 'Lr0007');
INSERT INTO rule_legalresource VALUES('Ru0014', 'Lr0007');
INSERT INTO rule_legalresource VALUES('Ru0015', 'Lr0007');
INSERT INTO rule_legalresource VALUES('Ru0016', 'Lr0007');
INSERT INTO rule_legalresource VALUES('Ru0017', 'Lr0007');
INSERT INTO rule_legalresource VALUES('Ru0018', 'Lr0007');
INSERT INTO rule_legalresource VALUES('Ru0019', 'Lr0007');

INSERT INTO rule_legalresource VALUES('Ru0020', 'Lr0002');
INSERT INTO rule_legalresource VALUES('Ru0020', 'Lr0007');
INSERT INTO rule_legalresource VALUES('Ru0021', 'Lr0002');
INSERT INTO rule_legalresource VALUES('Ru0021', 'Lr0007');
INSERT INTO rule_legalresource VALUES('Ru0022', 'Lr0002');
INSERT INTO rule_legalresource VALUES('Ru0022', 'Lr0007');
INSERT INTO rule_legalresource VALUES('Ru0023', 'Lr0002');
INSERT INTO rule_legalresource VALUES('Ru0023', 'Lr0007');
INSERT INTO rule_legalresource VALUES('Ru0024', 'Lr0002');
INSERT INTO rule_legalresource VALUES('Ru0024', 'Lr0007');
INSERT INTO rule_legalresource VALUES('Ru0025', 'Lr0002');
INSERT INTO rule_legalresource VALUES('Ru0025', 'Lr0007');
INSERT INTO rule_legalresource VALUES('Ru0026', 'Lr0002');
INSERT INTO rule_legalresource VALUES('Ru0026', 'Lr0007');

INSERT INTO rule_legalresource VALUES('Ru0027', 'Lr0005');
INSERT INTO rule_legalresource VALUES('Ru0027', 'Lr0006');
INSERT INTO rule_legalresource VALUES('Ru0027', 'Lr0007');
INSERT INTO rule_legalresource VALUES('Ru0028', 'Lr0005');
INSERT INTO rule_legalresource VALUES('Ru0028', 'Lr0006');
INSERT INTO rule_legalresource VALUES('Ru0028', 'Lr0007');
INSERT INTO rule_legalresource VALUES('Ru0029', 'Lr0005');
INSERT INTO rule_legalresource VALUES('Ru0029', 'Lr0006');
INSERT INTO rule_legalresource VALUES('Ru0029', 'Lr0007');
INSERT INTO rule_legalresource VALUES('Ru0030', 'Lr0005');
INSERT INTO rule_legalresource VALUES('Ru0030', 'Lr0006');
INSERT INTO rule_legalresource VALUES('Ru0030', 'Lr0007');
INSERT INTO rule_legalresource VALUES('Ru0031', 'Lr0005');
INSERT INTO rule_legalresource VALUES('Ru0031', 'Lr0006');
INSERT INTO rule_legalresource VALUES('Ru0031', 'Lr0007');
INSERT INTO rule_legalresource VALUES('Ru0032', 'Lr0005');
INSERT INTO rule_legalresource VALUES('Ru0032', 'Lr0006');
INSERT INTO rule_legalresource VALUES('Ru0032', 'Lr0007');

INSERT INTO rule_legalresource VALUES('Ru0033', 'Lr0007');
INSERT INTO rule_legalresource VALUES('Ru0034', 'Lr0007');
INSERT INTO rule_legalresource VALUES('Ru0035', 'Lr0007');
INSERT INTO rule_legalresource VALUES('Ru0036', 'Lr0007');
INSERT INTO rule_legalresource VALUES('Ru0037', 'Lr0007');
INSERT INTO rule_legalresource VALUES('Ru0038', 'Lr0007');

INSERT INTO rule_legalresource VALUES('Ru0039', 'Lr0003');
INSERT INTO rule_legalresource VALUES('Ru0040', 'Lr0003');
INSERT INTO rule_legalresource VALUES('Ru0041', 'Lr0003');
INSERT INTO rule_legalresource VALUES('Ru0042', 'Lr0003');
INSERT INTO rule_legalresource VALUES('Ru0043', 'Lr0003');

INSERT INTO rule_legalresource VALUES('Ru0044', 'Lr0003');
INSERT INTO rule_legalresource VALUES('Ru0045', 'Lr0003');
INSERT INTO rule_legalresource VALUES('Ru0046', 'Lr0003');

INSERT INTO rule_legalresource VALUES('Ru0047', 'Lr0007');
INSERT INTO rule_legalresource VALUES('Ru0048', 'Lr0007');
INSERT INTO rule_legalresource VALUES('Ru0049', 'Lr0007');
INSERT INTO rule_legalresource VALUES('Ru0050', 'Lr0007');
INSERT INTO rule_legalresource VALUES('Ru0051', 'Lr0007');
INSERT INTO rule_legalresource VALUES('Ru0052', 'Lr0007');



/* Δημιουργία πίνακα σημείων επαφής και εισαγωγή records*/
/* --------------------------------------------- */
CREATE TABLE contactpoint(
identifier 		VARCHAR(10) NOT NULL,
title 			VARCHAR(60),
address 		VARCHAR(100),
location 		VARCHAR(100),
areaserved 		VARCHAR(300),
hoursavailable 	VARCHAR(150),
email 			VARCHAR(100),
telephone 		VARCHAR(50),
faxNumber 		VARCHAR(50),
PRIMARY KEY (identifier));


INSERT INTO contactpoint VALUES('Cp0001','Αστυνομικό Τμήμα Τούμπας','ΛΥΚΑΟΝΟΣ 13, ΑΝΩ ΤΟΥΜΠΑ ΘΕΣΣΑΛΟΝΙΚΗ','Θεσσαλονίκη - Τούμπα','Δήμος Τριανδρίας και Δήμος Θεσσαλονίκης (πλην της περιοχής που αστυνομεύεται από το Α.Τ. Πλατείας Δημοκρατίας)','ΔΕ, ΤΡ, ΤΕ, ΠΕ, ΠΑ 07:30 έως 21:30, 
ΣΑ-ΚΥ 08:00 έως 14:30','','2310947380','2310947382');
INSERT INTO contactpoint VALUES('Cp0002','Αστυνομικό Τμήμα Ευόσμου','ΝΥΜΦΑΙΟΥ 37,  ΕΥΟΣΜΟΣ, ΘΕΣΣΑΛΟΝΙΚΗ','Θεσσαλονίκη - Εύοσμος','Δήμος Ευόσμου, Σταυρούπολης, Ωραιοκάστρου, Αμπελοκήπων','ΔΕ, ΤΡ, ΠΕ, ΠΑ 07:30 έως 15:00, 
ΤΕ 07:30 έως 21:30,
ΣΑ 08:00 έως 14:30','','2310559460, 2310388789','2310559461');
INSERT INTO contactpoint VALUES('Cp0003','Αστυνομικό Μέγαρο Θεσσαλονίκης','ΜΟΝΑΣΤΗΡΙΟΥ 326, ΘΕΣΣΑΛΟΝΙΚΗ','Θεσσαλονίκη - Αστυν. Μέγαρο Θεσσαλονίκης','Δήμος Αγίου Παύλου, Συκεών, Νεάπολης, Μενεμένης, Ελευθερίου - Κορδελιού, Πολίχνης, Χορτιάτη, Εχεδώρου, Καλλιθέας, Χαλάστρας, Αξιού, Κουφαλίων, Χαλκηδόνας, Αγίου Αθανασίου, Κοινότητες Πεύκων, Ευκαρπίας & η περιοχή που αστυνομεύεται από το Α.Τ. Πλατείας Δημοκρατίας','ΔΕ, ΤΡ, ΠΕ, ΠΑ 07:30 έως 15:00, 
ΤΕ 14:00 έως 21:30,
ΣΑ 08:00 έως 14:30','','2310388033','2310709000');
INSERT INTO contactpoint VALUES('Cp0004','Αστυνομικό Τμήμα Καλαμαριάς','ΤΑΞΙΑΡΧΩΝ 1, ΚΑΛΑΜΑΡΙΑ, ΘΕΣΣΑΛΟΝΙΚΗ','Θεσσαλονίκη - Καλαμαριά','Δήμος Καλαμαριάς, Πυλαίας, Πανοράματος','ΔΕ, ΤΡ, ΠΕ, ΠΑ 07:30 έως 15:00, 
ΤΕ 14:00 έως 21:30,
ΣΑ 08:00 έως 14:30','','2310456786','2310456727');
INSERT INTO contactpoint VALUES('Cp0005','Αστυνομικό Τμήμα Λαγκαδά','ΛΟΥΤΡΩΝ 14 - ΛΑΓΚΑΔΑΣ, ΘΕΣΣΑΛΟΝΙΚΗ','Θεσσαλονίκη - Λαγκαδάς','Δήμος Λαγκαδά, Ασσήρου, Μυγδονίας, Λαχανά, Εγνατίας, Βερτίσκου, Σοχού, Καλινδοίων, Μαδύτου, Απολλωνίας, Αρεθούσας, Κορωνείας, Αγίου Γεωργίου, Ρεντίνας','ΔΕ, ΤΡ, ΠΕ, ΠΑ 07:30 έως 15:00, 
ΤΕ 14:00 έως 21:30,
ΣΑ 08:00 έως 14:30','','2394022333','');
INSERT INTO contactpoint VALUES('Cp0006','Αστυνομικό Τμήμα Θερμαϊκού','25ης ΜΑΡΤΙΟΥ 9 - Ν.ΕΠΙΒΑΤΕΣ, ΘΕΣΣΑΛΟΝΙΚΗ','Θεσσαλονίκη - Νέοι Επιβάτες (Θερμαϊκού)','Δήμος Θερμαϊκού, Νέας Μηχανιώνας, Επανωμής, Μίκρας, Θέρμης, Βασιλικών','ΔΕ, ΤΡ, ΠΕ, ΠΑ 07:30 έως 15:00, 
ΤΕ 14:00 έως 21:30,
ΣΑ 08:00 έως 14:30','','2392075815','');
INSERT INTO contactpoint VALUES('Cp0007','Αστυνομικό Τμήμα Θάσου - Κτίριο Α.Τ. Θάσου','Α.Θεολογίτη 4, T.K. 64004 - ΘΑΣΟΣ','Θάσος','Δήμος Θάσου','ΔΕ, ΤΡ, ΠΕ, ΠΑ 07:30 έως 15:00, 
ΤΕ 14:00 έως 21:30,
ΣΑ 08:00 έως 14:30','','','');
INSERT INTO contactpoint VALUES('Cp0008','Αστυνομικό Τμήμα Αγίας Παρασκευής','ΠΕΝΤΕΛΗΣ 10, ΑΓ.ΠΑΡΑΣΚΕΥΗ, ΑΤΤΙΚΗ','Αττική - Αγία Παρασκευή','Δήμος Αγίας Παρασκευής, Παπάγου - Χολαργού, Βριλλησίων, Πεντέλης (εκτός Δ.Κ. Μελισσίων)','ΔΕ, ΤΡ, ΠΕ, ΠΑ 07:30 έως 15:00, 
ΤΕ 14:00 έως 21:30,
ΣΑ 08:00 έως 14:30','','2106002334','2106002335');
INSERT INTO contactpoint VALUES('Cp0009','Αστυνομικό Τμήμα Αιγάλεω','Παπαναστασίου και Κοραή 42, Αιγάλεω, ΑΤΤΙΚΗ','Αττική - Αιγάλεω','Δήμος Χαϊδαρίου, Αγίας Βαρβάρας, Αιγάλεω, Περιστερίου, Ιλίου, Πετρούπολης','ΔΕ, ΤΡ, ΤΕ, ΠΕ, ΠΑ 07:30 έως 21:30, 
ΣΑ-ΚΥ 08:00 έως 14:30','','210 5326150 , 210 5626016','210 5326151');
INSERT INTO contactpoint VALUES('Cp0010','Αστυνομικό Τμήμα Αμαρουσίου','ΑΓΙΟΥ ΟΡΟΥΣ 16, ΜΑΡΟΥΣΙ, ΑΤΤΙΚΗ','Αττική - Αμαρούσιον','Δήμος Αμαρουσίου, Χαλανδρίου, Φιλοθέης - Ψυχικού, Δημοτική Κοινότητα Μελισσίων Δήμου Πεντέλης','ΔΕ, ΤΡ, ΤΕ, ΠΕ, ΠΑ 07:30 έως 21:30, 
ΣΑ-ΚΥ 08:00 έως 14:30','','2106875146','2106875143');
INSERT INTO contactpoint VALUES('Cp0011','Αστυνομικό Τμήμα Αχαρνών','ΠΛΗΘΩΝΟΣ ΓΕΜΙΣΤΟΥ 52-54, ΑΧΑΡΝΑΙ, ΑΤΤΙΚΗ','Αττική - Αχαρναί','Δήμος Αχαρνών, Άνω Λιοσίων, Ζεφυρίου, Καματερού, Αγίων Αναργύρων, Φυλής, Κοινότητα Θρακομακεδόνων','ΔΕ, ΤΡ, ΠΕ, ΠΑ 07:30 έως 15:00, 
ΤΕ 07:30 έως 21:30,
ΣΑ 08:00 έως 14:30','','2102448305','2102448306');
INSERT INTO contactpoint VALUES('Cp0012','Κτίριο Διεύθυνσης Αστυνομίας Νοτιο-Ανατολικής Αττικής','Βορείου Ηπείρου 50 - Γλυφάδα, ΑΤΤΙΚΗ','Αττική - Γλυφάδα (Ελληνικό)','Δήμος Αλίμου, Ηλιούπολης, Αργυρούπολης, Γλυφάδας, Βούλας, Βάρης, Βουλιαγμένης, Ελληνικού','ΔΕ, ΤΡ, ΤΕ, ΠΕ, ΠΑ 07:30 έως 21:30, 
ΣΑ-ΚΥ 08:00 έως 14:30','','2109692948','2109615039');
INSERT INTO contactpoint VALUES('Cp0013','Διεύθυνση Τροχαίας Αττικής','ΣΑΜΟΥ 7Α, ΠΑΡΑΠΛΕΥΡΩΣ Θ.ΔΗΛΙΓΙΑΝΝΗ, ΜΕΤΑΞΟΥΡΓΕΙΟ, ΑΤΤΙΚΗ','Αττική - Διεύθυνση Τροχαίας Αθηνών','1ο (Ομόνοια - Εξάρχεια - Σύνταγμα) και 4ο (Κολωνός) Δημοτικό Διαμέρισμα Δήμου Αθηναίων','ΔΕ, ΤΡ, ΠΕ, ΠΑ 07:30 έως 15:00, 
ΤΕ 07:30 έως 21:30,
ΣΑ 08:00 έως 14:30','','2105284170, 2105284133','2105246305');
INSERT INTO contactpoint VALUES('Cp0014','Αστυνομικό Τμήμα Ελευσίνας','ΔΗΜΗΤΡΟΣ & ΕΘΝΙΚΗΣ ΑΝΤΙΣΤΑΣΕΩΣ, ΕΛΕΥΣΙΝΑ, ΑΤΤΙΚΗ','Αττική - Ελευσίνα','Δήμος Ελευσίνας, Ασπροπύργου, Ν. Περάμου, Βιλλίων, Μάνδρας, Μεγάρων, Ερυθρών, Κοινότητες Μαγούλας, Οινόης','ΔΕ, ΤΡ, ΠΕ, ΠΑ 07:30 έως 15:00, 
ΤΕ 07:30 έως 21:30,
ΣΑ 08:00 έως 14:30','','2105562736','2105562747');
INSERT INTO contactpoint VALUES('Cp0015','Αστυνομικό Τμήμα Ζωγράφου','ΗΡΩΩΝ ΠΟΛΥΤΕΧΝΕΙΟΥ 14, ΑΤΤΙΚΗ','Αττική - Ζωγράφου','Δήμος Ζωγράφου, Καισαριανής και 7ο (Αμπελόκηποι) Δημοτικό Διαμέρισμα Δήμου Αθηναίων','ΔΕ, ΤΡ, ΠΕ, ΠΑ 07:30 έως 15:00, 
ΤΕ 07:30 έως 21:30,
ΣΑ 08:00 έως 14:30','','2107719865','2107719447');
INSERT INTO contactpoint VALUES('Cp0016','Αστυνομικό Τμήμα Καλλιθέας','ΛΑΣΚΑΡΙΔΟΥ 44,  ΑΘΗΝΑ, ΑΤΤΙΚΗ','Αττική - Καλλιθέα','Δήμος Καλλιθέας, Νέας Σμύρνης και 3ο (Πετράλωνα) Δημοτικό Διαμέρισμα Δήμου Αθηναίων','ΔΕ, ΤΡ, ΠΕ, ΠΑ 07:30 έως 15:00, 
ΤΕ 07:30 έως 21:30,
ΣΑ 08:00 έως 14:30','','2109566652','2109565266');
INSERT INTO contactpoint VALUES('Cp0017','Αστυνομικό Τμήμα Κερατέας','ΔΗΜΗΤΡΙΟΥ ΛΙΟΥΜΗ & ΠΑΠΑΝΙΚΟΛΑΟΥ, ΚΕΡΑΤΕΑ, ΑΤΤΙΚΗ','Αττική - Κερατέα','Δήμος Καλυβίων, Θορικού, Κερατέας, Κρωπίας, Μαρκοπούλου, Λαυρεωτικής, Κοινότητες Αναβύσσου Π. Φώκαιας, Αγίου Κωνσταντίνου','ΔΕ, ΤΡ, ΠΕ, ΠΑ 07:30 έως 15:00, 
ΤΕ 07:30 έως 21:30,
ΣΑ 08:00 έως 14:30','','2299068658','2299068658');
INSERT INTO contactpoint VALUES('Cp0018','Αστυνομικό Τμήμα Κηφισιάς','ΟΘΩΝΟΣ 94, ΚΗΦΙΣΙΑ, ΑΤΤΙΚΗ','Αττική - Κηφισιά','Δήμος Αγ.Στέφανου, Καλάμου, Καπανδριτίου, Κηφισιάς, Ν.Κηφισιάς, Ν.Ερυθραίας, Ωρωπού, Αυλώνα, Κοινότητες Ανοίξεως, Κρυονερίου, Ροδοπόλεως, Σταμάτας, Αφιδνών, Βαρνάβα, Πολυδενδρίου, Μαρκοπούλου, Συκαμίνου, Μαλακάσας, Εκάλης, Διονύσου, Δροσιάς','ΔΕ, ΤΡ, ΠΕ, ΠΑ 07:30 έως 15:00, 
ΤΕ 07:30 έως 21:30,
ΣΑ 08:00 έως 14:30','','2108087327','2108087690');
INSERT INTO contactpoint VALUES('Cp0019','Πρώην Σχολή Μετεκπαίδευσης Φιλαδέλφειας','ΠΑΤΡ. ΚΩΝΣΤΑΝΤΙΝΟΥ 18, ΝΕΑ ΦΙΛΑΔΕΛΦΕΙΑ, ΑΤΤΙΚΗ','Αττική - Ν.Φιλαδέλφεια','Δήμος Ν.Ηρακλείου, Ν.Ιωνίας, Ν.Φιλαδέλφειας, Μεταμόρφωσης, Ν.Χαλκηδόνας, Πεύκης, Λυκόβρυσης','ΔΕ, ΤΡ, ΠΕ, ΠΑ 07:30 έως 15:00, 
ΤΕ 07:30 έως 21:30,
ΣΑ 08:00 έως 14:30','','2102502868, 2102583989','2102584023');
INSERT INTO contactpoint VALUES('Cp0020','Αστυνομικό Τμήμα Παγκρατίου ','ΠΡΑΤΙΝΟΥ 49,  ΑΘΗΝΑ, ΑΤΤΙΚΗ','Αττική - Παγκράτι','Δήμος Βύρωνα, Υμηττού και 2ο (Ν.Κόσμος - Παγκράτι) Δημοτικό Διαμέρισμα Δήμου Αθηναίω','ΔΕ, ΤΡ, ΤΕ, ΠΕ, ΠΑ 07:30 έως 21:30, 
ΣΑ-ΚΥ 08:00 έως 14:30','','2107257771','2107257772');
INSERT INTO contactpoint VALUES('Cp0021','Αστυνομικό Τμήμα Παλαιού Φαλήρου','ΑΙΑΝΤΟΣ 8, ΠΑΛΑΙΟ ΦΑΛΗΡΟ, ΑΤΤΙΚΗ','Αττική - Παλαιό Φάληρο','Δήμος Π. Φαλήρου, Αγίου Δημητρίου και Δάφνης','ΔΕ, ΤΡ, ΠΕ, ΠΑ 07:30 έως 15:00, 
ΤΕ 07:30 έως 21:30,
ΣΑ 08:00 έως 14:30','','2109859288','2109859272');
INSERT INTO contactpoint VALUES('Cp0022','Αστυνομικό Τμήμα Πατησίων','ΑΓΙΑΣ ΛΑΥΡΑΣ 17,  ΠΑΤΗΣΙΑ, ΑΘΗΝΑ,  ΑΤΤΙΚΗ','Αττική - Πατήσια','Δήμος Γαλατσίου και 5ο (Πατήσια) - 6ο (Κυψέλη) Δημοτικό Διαμέρισμα Δήμου Αθηναίων','ΔΕ, ΤΡ, ΠΕ, ΠΑ 07:30 έως 15:00, 
ΤΕ 07:30 έως 21:30,
ΣΑ 08:00 έως 14:30','','210-2117988 , 210-2117978','210-2288509');
INSERT INTO contactpoint VALUES('Cp0023','Κτίριο Διεύθυνσης Αστυνομίας Πειραιά','ΗΡΩΩΝ ΠΟΛΥΤΕΧΝΕΙΟΥ 37 (7ος όροφος), ΠΕΙΡΑΙΑΣ, ΑΤΤΙΚΗ','Αττική - Πειραιάς (1ο Σημείο Παραλαβής Δικαιολογητικών)','Δήμος Πειραιά, Μοσχάτου, Ρέντη, Ταύρου και Δραπετσώνας','ΔΕ, ΤΡ, ΤΕ, ΠΕ, ΠΑ 07:30 έως 21:30, 
ΣΑ-ΚΥ 08:00 έως 14:30','passports.peiraia@astynomia.gr','210 4149102','213 1527738, 210 4512395');
INSERT INTO contactpoint VALUES('Cp0024','Πειραιάς - 2ο Σημείο Παραλαβής Δικαιολογητικών','ΣΑΛΑΜΙΝΟΣ 46, Πειραιάς, ΑΤΤΙΚΗ','Αττική - Πειραιάς','Δήμος Νίκαιας, Κορυδαλλού, Περάματος, Κερατσινίου','ΔΕ, ΤΡ, ΠΕ, ΠΑ 07:30 έως 15:00, 
ΤΕ 07:30 έως 21:30,
ΣΑ 08:00 έως 14:30','','2104618940','2104618982');
INSERT INTO contactpoint VALUES('Cp0025','Αστυνομικό Τμήμα Σπάτων - Αρτέμιδος','ΒΑΣΙΛΕΩΣ ΠΑΥΛΟΥ 171 & ΣΠΥΡΟΥ ΜΑΡΚΟΥ 1, ΣΠΑΤΑ, ΑΤΤΙΚΗ','Αττική - Σπάτων Αρτέμιδος','Δήμος Αρτέμιδας, Μαραθώνα, Γέρακα, Γλυκών Νερών, Ν. Μάκρης, Παιανίας, Παλλήνης, Ραφήνας, Σπάτων, Κοινότητες Γραμματικού, Πικερμίου','ΔΕ, ΤΡ, ΠΕ, ΠΑ 07:30 έως 15:00, 
ΤΕ 07:30 έως 21:30,
ΣΑ 08:00 έως 14:30','','2106665943','2106665941');
INSERT INTO contactpoint VALUES('Cp0026','ΠΡΕΣΒΕΙΑ / ΠΡΟΞ. ΓΡΑΦ. ΑΓΚΥΡΑΣ','Zia Ur Rahman cad 9-11, Gaziosmanpasa 06700 Ankara, Turkey','Τουρκία','Turkey','',' 
grcon.ank@mfa.gr','(+90312) 4480647,
4480387','(+90312) 44563191');
INSERT INTO contactpoint VALUES('Cp0027','ΓΕΝΙΚΟ ΠΡΟΞΕΝΕΙΟ ΚΩΝΣΤΑΝΤΙΝΟΥΠΟΛΗΣ','Turnacibaci Sokak 22-Beyoglu 34433, Istanbul, Turkey','Τουρκία','Turkey','','grgencon.kon@mfa.gr','(+90212) 3938290-1-2, 3938294','(+90212) 2521365');
INSERT INTO contactpoint VALUES('Cp0028','ΓΕΝΙΚΟ ΠΡΟΞΕΝΕΙΟ ΑΔΡΙΑΝΟΥΠΟΛΗΣ','Kocasinan Mahallesi, 2 sokak no12, Binevler-Edime, Turkey','Τουρκία','Turkey','','grcon.adr@mfa.gr','(+90284) 2355804','(+90284) 2355808
');
INSERT INTO contactpoint VALUES('Cp0029','ΓΕΝΙΚΟ ΠΡΟΞΕΝΕΙΟ ΣΜΥΡΝΗΣ','Ataturk Caddesi 366/1, Alsancak-35220 Izmir, Turkey','Τουρκία','Turkey','',' 
grgencon.smy@mfa.gr','(+90232) 4643160,
4216992','(+90232) 4633393');
INSERT INTO contactpoint VALUES('Cp0030','ΠΡΕΣΒΕΙΑ/ ΠΡΟΞ. ΓΡΑΦΕΙΟ  ΒΙΕΝΝΗΣ','Favoritenstraße 7 / Top 5 (Seitentrakt Rechts OG), 1040 Wien, Austria','Αυστρία','Austria','','grconsulate@utanet.at','(00431) 5127148, 5127148, 5123142','(00431) 5054945');
INSERT INTO contactpoint VALUES('Cp0031','Αστυνομικό Τμήμα Σαλαμίνας - Κτίριο Α.Τ. Σαλαμίνας','Σολωμού 4, Τ.Κ. 18900 - ΣΑΛΑΜΙΝΑ','Σαλαμίνα','Σαλαμίνας','ΔΕ, ΤΡ, ΠΕ, ΠΑ 07:30 έως 15:00, 
ΤΕ 14:00 έως 21:30,
ΣΑ 08:00 έως 14:30','','2104644231','');
INSERT INTO contactpoint VALUES('Cp0032','Αστυνομικό Τμήμα Αίγινας - Κτίριο Α.Τ. Αίγινας','ΛΕΟΝΑΡΔΟΥ ΛΑΔΑ 12, ΑΙΓΙΝΑ','Αίγινα','Αίγινας','ΔΕ, ΤΡ, ΠΕ, ΠΑ 07:30 έως 15:00, 
ΤΕ 14:00 έως 21:30,
ΣΑ 08:00 έως 14:30','','2297023333','2297023333');
INSERT INTO contactpoint VALUES('Cp0033','Αστυνομικό Τμήμα Πόρου - Κτίριο Α.Τ. Πόρου','ΠΟΡΟΣ - Τ.Κ. 18020','Πόρος','Πόρου','ΔΕ, ΤΡ, ΠΕ, ΠΑ 07:30 έως 15:00, 
ΤΕ 14:00 έως 21:30,
ΣΑ 08:00 έως 14:30','','2298022256','2131527909');
INSERT INTO contactpoint VALUES('Cp0034','Αστυνομικό Τμήμα Ύδρας - Κτίριο Α.Τ. Ύδρας','Ύδρα Τ.Κ. 18040','Ύδρα','Ύδρας','ΔΕ, ΤΡ, ΠΕ, ΠΑ 07:30 έως 15:00, 
ΤΕ 14:00 έως 21:30,
ΣΑ 08:00 έως 14:30','','2298052205','2298053360');
INSERT INTO contactpoint VALUES('Cp0035','Αστυνομικό Τμήμα Σπετσών - Κτίριο Α.Τ. Σπετσών','Σάντους 1, Τ.Κ. 18050, ΣΠΕΤΣΕΣ','Σπέτσες','Σπετσών','ΔΕ, ΤΡ, ΠΕ, ΠΑ 07:30 έως 15:00, 
ΤΕ 14:00 έως 21:30,
ΣΑ 08:00 έως 14:30','','2298073100','2298073744');
INSERT INTO contactpoint VALUES('Cp0036','Αστυνομικό Τμήμα Κυθήρων - Κτίριο Α.Τ. Κυθήρων','Χώρα Κυθήρων, Τ.Κ. 80100 - ΚΥΘΗΡΑ','Κύθηρα','Κυθήρων','ΔΕ, ΤΡ, ΠΕ, ΠΑ 07:30 έως 15:00, 
ΤΕ 14:00 έως 21:30,
ΣΑ 08:00 έως 14:30','','2736031206','2131527927');


/* Δημιουργία πίνακα συσχέτισης Σημείων επαφής με Γλώσσα και εισαγωγή records*/
/*------------------------------------------------------------------------- */
CREATE TABLE contactpoint_cvlanguage(
identifier_cp 		VARCHAR(10) NOT NULL,
code_language 		VARCHAR(3) NOT NULL,
PRIMARY KEY (identifier_cp, code_language),
FOREIGN KEY(identifier_cp) REFERENCES contactpoint(identifier) ON DELETE CASCADE ON UPDATE CASCADE,
FOREIGN KEY(code_language) REFERENCES cvlanguage(code) ON DELETE CASCADE ON UPDATE CASCADE);

INSERT INTO contactpoint_cvlanguage VALUES('Cp0001','EL');
INSERT INTO contactpoint_cvlanguage VALUES('Cp0002','EL');
INSERT INTO contactpoint_cvlanguage VALUES('Cp0003','EL');
INSERT INTO contactpoint_cvlanguage VALUES('Cp0004','EL');
INSERT INTO contactpoint_cvlanguage VALUES('Cp0005','EL');
INSERT INTO contactpoint_cvlanguage VALUES('Cp0006','EL');
INSERT INTO contactpoint_cvlanguage VALUES('Cp0007','EL');
INSERT INTO contactpoint_cvlanguage VALUES('Cp0008','EL');
INSERT INTO contactpoint_cvlanguage VALUES('Cp0009','EL');
INSERT INTO contactpoint_cvlanguage VALUES('Cp0010','EL');
INSERT INTO contactpoint_cvlanguage VALUES('Cp0011','EL');
INSERT INTO contactpoint_cvlanguage VALUES('Cp0012','EL');
INSERT INTO contactpoint_cvlanguage VALUES('Cp0013','EL');
INSERT INTO contactpoint_cvlanguage VALUES('Cp0014','EL');
INSERT INTO contactpoint_cvlanguage VALUES('Cp0015','EL');
INSERT INTO contactpoint_cvlanguage VALUES('Cp0016','EL');
INSERT INTO contactpoint_cvlanguage VALUES('Cp0017','EL');
INSERT INTO contactpoint_cvlanguage VALUES('Cp0018','EL');
INSERT INTO contactpoint_cvlanguage VALUES('Cp0019','EL');
INSERT INTO contactpoint_cvlanguage VALUES('Cp0020','EL');
INSERT INTO contactpoint_cvlanguage VALUES('Cp0021','EL');
INSERT INTO contactpoint_cvlanguage VALUES('Cp0022','EL');
INSERT INTO contactpoint_cvlanguage VALUES('Cp0023','EL');
INSERT INTO contactpoint_cvlanguage VALUES('Cp0024','EL');
INSERT INTO contactpoint_cvlanguage VALUES('Cp0025','EL');
INSERT INTO contactpoint_cvlanguage VALUES('Cp0026','EL');
INSERT INTO contactpoint_cvlanguage VALUES('Cp0027','EL');
INSERT INTO contactpoint_cvlanguage VALUES('Cp0028','EL');
INSERT INTO contactpoint_cvlanguage VALUES('Cp0029','EL');
INSERT INTO contactpoint_cvlanguage VALUES('Cp0030','EL');
INSERT INTO contactpoint_cvlanguage VALUES('Cp0031','EL');
INSERT INTO contactpoint_cvlanguage VALUES('Cp0032','EL');
INSERT INTO contactpoint_cvlanguage VALUES('Cp0033','EL');
INSERT INTO contactpoint_cvlanguage VALUES('Cp0034','EL');
INSERT INTO contactpoint_cvlanguage VALUES('Cp0035','EL');
INSERT INTO contactpoint_cvlanguage VALUES('Cp0036','EL');

/* Δημιουργία πίνακα Δημοσίων Υπηρεσιών και εισαγωγή records*/
/* --------------------------------------------- */
CREATE TABLE publicservice(
	identifier 			VARCHAR(10) NOT NULL,
name 				VARCHAR(50) NOT NULL,
description 			VARCHAR(1500) NOT NULL,
keyword 			VARCHAR(150),
status 				VARCHAR(10),
hascompetentauthority 		VARCHAR(10) NOT NULL,
processingtime 			VARCHAR(30),
PRIMARY KEY (identifier),
FOREIGN KEY(hascompetentauthority) REFERENCES publicorganization(identifier) ON DELETE CASCADE ON UPDATE CASCADE,
FOREIGN KEY(status) REFERENCES cvpsstatus(code) ON DELETE CASCADE ON UPDATE CASCADE
);


INSERT INTO publicservice values(
'Ps0001',
'Έκδοση Διαβατηρίου',
'Διαβατήριο είναι το έγγραφο που εκδίδεται από τη Διεύθυνση Κρατικής Ασφάλειας του Αρχηγείου Ελληνικής Αστυνομίας, με το οποίο ο κάτοχος μπορεί νόμιμα να εξέρχεται και να εισέρχεται στη Χώρα, μέσω των καθορισμένων για το σκοπό αυτό σημείων.',
'Έκδοση, Διαβατήριο, Ελληνική Αστυνομία, Ταξίδι, εξωτερικό, τουρισμός',
'Psst0001',
'Po0001',
'P3D, P1D'
);




/* Δημιουργία πίνακα συσχέτισης Γεγονός ζωής με ΔΥ και εισαγωγή records*/
/*-------------------------------------------------------------------- */
CREATE TABLE lifeevent_publicservice(
identifier_le 		VARCHAR(10) NOT NULL,
identifier_ps 		VARCHAR(10) NOT NULL,
PRIMARY KEY (identifier_le, identifier_ps),
FOREIGN KEY(identifier_le) REFERENCES lifeevent(identifier) ON DELETE CASCADE ON UPDATE CASCADE,
FOREIGN KEY(identifier_ps) REFERENCES publicservice(identifier) ON DELETE CASCADE ON UPDATE CASCADE);

INSERT INTO lifeevent_publicservice VALUES('Le0001','Ps0001');



/* Δημιουργία πίνακα συσχέτισης ΔΥ με Sector και εισαγωγή records*/
/*-------------------------------------------------------------- */
CREATE TABLE publicservice_cvpsSector(
identifier_ps 		VARCHAR(10) NOT NULL,
code_sector 		VARCHAR(10) NOT NULL,
PRIMARY KEY (identifier_ps, code_sector),
FOREIGN KEY(identifier_ps) REFERENCES publicservice(identifier) ON DELETE CASCADE ON UPDATE CASCADE,
FOREIGN KEY(code_sector) REFERENCES cvpssector(code) ON DELETE CASCADE ON UPDATE CASCADE);

INSERT INTO publicservice_cvpsSector VALUES('Ps0001','H52.2');



/* Δημιουργία πίνακα συσχέτισης ΔΥ με Sector και εισαγωγή records*/
/*-------------------------------------------------------------- */
CREATE TABLE publicservice_cvlanguage(
identifier_ps 		VARCHAR(10) NOT NULL,
code_language 		VARCHAR(3) NOT NULL,
PRIMARY KEY (identifier_ps, code_language),
FOREIGN KEY(identifier_ps) REFERENCES publicservice(identifier) ON DELETE CASCADE ON UPDATE CASCADE,
FOREIGN KEY(code_language) REFERENCES cvlanguage(code) ON DELETE CASCADE ON UPDATE CASCADE);

INSERT INTO publicservice_cvlanguage VALUES('Ps0001','EL');



/* Δημιουργία πίνακα συσχέτισης ΔΥ με evidence και εισαγωγή records*/
/*---------------------------------------------------------------- */
CREATE TABLE publicservice_evidence(
identifier_ps 		VARCHAR(10) NOT NULL,
identifier_ev 		VARCHAR(10) NOT NULL,
PRIMARY KEY (identifier_ps, identifier_ev),
FOREIGN KEY(identifier_ps) REFERENCES publicservice(identifier) ON DELETE CASCADE ON UPDATE CASCADE,
FOREIGN KEY(identifier_ev) REFERENCES evidence(identifier) ON DELETE CASCADE ON UPDATE CASCADE);

INSERT INTO publicservice_evidence VALUES('Ps0001','EV0001');
INSERT INTO publicservice_evidence VALUES('Ps0001','EV0002');
INSERT INTO publicservice_evidence VALUES('Ps0001','EV0003');
INSERT INTO publicservice_evidence VALUES('Ps0001','EV0004');
INSERT INTO publicservice_evidence VALUES('Ps0001','EV0005');
INSERT INTO publicservice_evidence VALUES('Ps0001','EV0006');
INSERT INTO publicservice_evidence VALUES('Ps0001','EV0007');
INSERT INTO publicservice_evidence VALUES('Ps0001','EV0008');
INSERT INTO publicservice_evidence VALUES('Ps0001','EV0009');
INSERT INTO publicservice_evidence VALUES('Ps0001','EV0010');
INSERT INTO publicservice_evidence VALUES('Ps0001','EV0011');
INSERT INTO publicservice_evidence VALUES('Ps0001','EV0012');
INSERT INTO publicservice_evidence VALUES('Ps0001','EV0013');
INSERT INTO publicservice_evidence VALUES('Ps0001','EV0014');
INSERT INTO publicservice_evidence VALUES('Ps0001','EV0015');
INSERT INTO publicservice_evidence VALUES('Ps0001','EV0016');
INSERT INTO publicservice_evidence VALUES('Ps0001','EV0017');
INSERT INTO publicservice_evidence VALUES('Ps0001','EV0018');
INSERT INTO publicservice_evidence VALUES('Ps0001','EV0019');
INSERT INTO publicservice_evidence VALUES('Ps0001','EV0020');
INSERT INTO publicservice_evidence VALUES('Ps0001','EV0021');
INSERT INTO publicservice_evidence VALUES('Ps0001','EV0022');
INSERT INTO publicservice_evidence VALUES('Ps0001','EV0023');
INSERT INTO publicservice_evidence VALUES('Ps0001','EV0024');
INSERT INTO publicservice_evidence VALUES('Ps0001','EV0025');
INSERT INTO publicservice_evidence VALUES('Ps0001','EV0026');
INSERT INTO publicservice_evidence VALUES('Ps0001','EV0027');
INSERT INTO publicservice_evidence VALUES('Ps0001','EV0028');
INSERT INTO publicservice_evidence VALUES('Ps0001','EV0029');
INSERT INTO publicservice_evidence VALUES('Ps0001','EV0030');
INSERT INTO publicservice_evidence VALUES('Ps0001','EV0031');



/* Δημιουργία πίνακα συσχέτισης ΔΥ με Νομοθεσία και εισαγωγή records*/
/*---------------------------------------------------------------- */
CREATE TABLE publicservice_legalresource(
identifier_ps 		VARCHAR(10) NOT NULL,
identifier_lr 		VARCHAR(10) NOT NULL,
PRIMARY KEY (identifier_ps, identifier_lr),
FOREIGN KEY(identifier_ps) REFERENCES publicservice(identifier) ON DELETE CASCADE ON UPDATE CASCADE,
FOREIGN KEY(identifier_lr) REFERENCES legalresource(identifier) ON DELETE CASCADE ON UPDATE CASCADE);

INSERT INTO publicservice_legalresource VALUES('Ps0001','Lr0001');
INSERT INTO publicservice_legalresource VALUES('Ps0001','Lr0002');
INSERT INTO publicservice_legalresource VALUES('Ps0001','Lr0003');
INSERT INTO publicservice_legalresource VALUES('Ps0001','Lr0004');
INSERT INTO publicservice_legalresource VALUES('Ps0001','Lr0005');
INSERT INTO publicservice_legalresource VALUES('Ps0001','Lr0006');
INSERT INTO publicservice_legalresource VALUES('Ps0001','Lr0007');
INSERT INTO publicservice_legalresource VALUES('Ps0001','Lr0008');
INSERT INTO publicservice_legalresource VALUES('Ps0001','Lr0009');
INSERT INTO publicservice_legalresource VALUES('Ps0001','Lr0010');
INSERT INTO publicservice_legalresource VALUES('Ps0001','Lr0011');
INSERT INTO publicservice_legalresource VALUES('Ps0001','Lr0012');
INSERT INTO publicservice_legalresource VALUES('Ps0001','Lr0013');



/* Δημιουργία πίνακα συσχέτισης ΔΥ με Έξοδο και εισαγωγή records*/
/*---------------------------------------------------------------- */
CREATE TABLE publicservice_output(
identifier_ps 		VARCHAR(10) NOT NULL,
identifier_ou 		VARCHAR(10) NOT NULL,
PRIMARY KEY (identifier_ps, identifier_ou),
FOREIGN KEY(identifier_ps) REFERENCES publicservice(identifier) ON DELETE CASCADE ON UPDATE CASCADE,
FOREIGN KEY(identifier_ou) REFERENCES output(identifier) ON DELETE CASCADE ON UPDATE CASCADE);

INSERT INTO publicservice_output VALUES('Ps0001','Ou0001');
INSERT INTO publicservice_output VALUES('Ps0001','Ou0002');
INSERT INTO publicservice_output VALUES('Ps0001','Ou0003');
INSERT INTO publicservice_output VALUES('Ps0001','Ou0004');
INSERT INTO publicservice_output VALUES('Ps0001','Ou0005');
INSERT INTO publicservice_output VALUES('Ps0001','Ou0006');



/* Δημιουργία πίνακα συσχέτισης ΔΥ με Έξοδο και εισαγωγή records*/
/*---------------------------------------------------------------- */
CREATE TABLE publicservice_rule(
identifier_ps 		VARCHAR(10) NOT NULL,
identifier_ru 		VARCHAR(10) NOT NULL,
PRIMARY KEY (identifier_ps, identifier_ru),
FOREIGN KEY(identifier_ps) REFERENCES publicservice(identifier) ON DELETE CASCADE ON UPDATE CASCADE,
FOREIGN KEY(identifier_ru) REFERENCES rule(identifier) ON DELETE CASCADE ON UPDATE CASCADE);

INSERT INTO publicservice_rule VALUES('Ps0001','Ru0001');
INSERT INTO publicservice_rule VALUES('Ps0001','Ru0002');
INSERT INTO publicservice_rule VALUES('Ps0001','Ru0003');
INSERT INTO publicservice_rule VALUES('Ps0001','Ru0004');
INSERT INTO publicservice_rule VALUES('Ps0001','Ru0005');
INSERT INTO publicservice_rule VALUES('Ps0001','Ru0006');
INSERT INTO publicservice_rule VALUES('Ps0001','Ru0007');
INSERT INTO publicservice_rule VALUES('Ps0001','Ru0008');
INSERT INTO publicservice_rule VALUES('Ps0001','Ru0009');
INSERT INTO publicservice_rule VALUES('Ps0001','Ru0010');
INSERT INTO publicservice_rule VALUES('Ps0001','Ru0011');
INSERT INTO publicservice_rule VALUES('Ps0001','Ru0012');
INSERT INTO publicservice_rule VALUES('Ps0001','Ru0013');
INSERT INTO publicservice_rule VALUES('Ps0001','Ru0014');
INSERT INTO publicservice_rule VALUES('Ps0001','Ru0015');
INSERT INTO publicservice_rule VALUES('Ps0001','Ru0016');
INSERT INTO publicservice_rule VALUES('Ps0001','Ru0017');
INSERT INTO publicservice_rule VALUES('Ps0001','Ru0018');
INSERT INTO publicservice_rule VALUES('Ps0001','Ru0019');
INSERT INTO publicservice_rule VALUES('Ps0001','Ru0020');
INSERT INTO publicservice_rule VALUES('Ps0001','Ru0021');
INSERT INTO publicservice_rule VALUES('Ps0001','Ru0022');
INSERT INTO publicservice_rule VALUES('Ps0001','Ru0023');
INSERT INTO publicservice_rule VALUES('Ps0001','Ru0024');
INSERT INTO publicservice_rule VALUES('Ps0001','Ru0025');
INSERT INTO publicservice_rule VALUES('Ps0001','Ru0026');
INSERT INTO publicservice_rule VALUES('Ps0001','Ru0027');
INSERT INTO publicservice_rule VALUES('Ps0001','Ru0028');
INSERT INTO publicservice_rule VALUES('Ps0001','Ru0029');
INSERT INTO publicservice_rule VALUES('Ps0001','Ru0030');
INSERT INTO publicservice_rule VALUES('Ps0001','Ru0031');
INSERT INTO publicservice_rule VALUES('Ps0001','Ru0032');
INSERT INTO publicservice_rule VALUES('Ps0001','Ru0033');
INSERT INTO publicservice_rule VALUES('Ps0001','Ru0034');
INSERT INTO publicservice_rule VALUES('Ps0001','Ru0035');
INSERT INTO publicservice_rule VALUES('Ps0001','Ru0036');
INSERT INTO publicservice_rule VALUES('Ps0001','Ru0037');
INSERT INTO publicservice_rule VALUES('Ps0001','Ru0038');
INSERT INTO publicservice_rule VALUES('Ps0001','Ru0039');
INSERT INTO publicservice_rule VALUES('Ps0001','Ru0040');
INSERT INTO publicservice_rule VALUES('Ps0001','Ru0041');
INSERT INTO publicservice_rule VALUES('Ps0001','Ru0042');
INSERT INTO publicservice_rule VALUES('Ps0001','Ru0043');
INSERT INTO publicservice_rule VALUES('Ps0001','Ru0044');
INSERT INTO publicservice_rule VALUES('Ps0001','Ru0045');
INSERT INTO publicservice_rule VALUES('Ps0001','Ru0046');
INSERT INTO publicservice_rule VALUES('Ps0001','Ru0047');
INSERT INTO publicservice_rule VALUES('Ps0001','Ru0048');
INSERT INTO publicservice_rule VALUES('Ps0001','Ru0049');
INSERT INTO publicservice_rule VALUES('Ps0001','Ru0050');
INSERT INTO publicservice_rule VALUES('Ps0001','Ru0051');
INSERT INTO publicservice_rule VALUES('Ps0001','Ru0052');



/* Δημιουργία πίνακα συσχέτισης ΔΥ με Χωρική Περιοχή και εισαγωγή records*/
/*---------------------------------------------------------------------- */
CREATE TABLE publicservice_cvspatial(
identifier_ps 		VARCHAR(10) NOT NULL,
code_cvspatial 		VARCHAR(10) NOT NULL,
PRIMARY KEY (identifier_ps, code_cvspatial),
FOREIGN KEY(identifier_ps) REFERENCES publicservice(identifier) ON DELETE CASCADE ON UPDATE CASCADE,
FOREIGN KEY(code_cvspatial) REFERENCES cvspatial(code) ON DELETE CASCADE ON UPDATE CASCADE);

INSERT INTO publicservice_cvspatial VALUES('Ps0001','Cvsp0105');




/* Δημιουργία πίνακα συσχέτισης ΔΥ με Σημείο Επαφής και εισαγωγή records*/
/*---------------------------------------------------------------------- */
CREATE TABLE publicservice_contactpoint(
identifier_ps 		VARCHAR(10) NOT NULL,
identifier_cp 		VARCHAR(10) NOT NULL,
PRIMARY KEY (identifier_ps, identifier_cp),
FOREIGN KEY(identifier_ps) REFERENCES publicservice(identifier) ON DELETE CASCADE ON UPDATE CASCADE,
FOREIGN KEY(identifier_cp) REFERENCES contactpoint(identifier) ON DELETE CASCADE ON UPDATE CASCADE);

INSERT INTO publicservice_contactpoint VALUES('Ps0001','Cp0001');
INSERT INTO publicservice_contactpoint VALUES('Ps0001','Cp0002');
INSERT INTO publicservice_contactpoint VALUES('Ps0001','Cp0003');
INSERT INTO publicservice_contactpoint VALUES('Ps0001','Cp0004');
INSERT INTO publicservice_contactpoint VALUES('Ps0001','Cp0005');
INSERT INTO publicservice_contactpoint VALUES('Ps0001','Cp0006');
INSERT INTO publicservice_contactpoint VALUES('Ps0001','Cp0007');
INSERT INTO publicservice_contactpoint VALUES('Ps0001','Cp0008');
INSERT INTO publicservice_contactpoint VALUES('Ps0001','Cp0009');
INSERT INTO publicservice_contactpoint VALUES('Ps0001','Cp0010');
INSERT INTO publicservice_contactpoint VALUES('Ps0001','Cp0011');
INSERT INTO publicservice_contactpoint VALUES('Ps0001','Cp0012');
INSERT INTO publicservice_contactpoint VALUES('Ps0001','Cp0013');
INSERT INTO publicservice_contactpoint VALUES('Ps0001','Cp0014');
INSERT INTO publicservice_contactpoint VALUES('Ps0001','Cp0015');
INSERT INTO publicservice_contactpoint VALUES('Ps0001','Cp0016');
INSERT INTO publicservice_contactpoint VALUES('Ps0001','Cp0017');
INSERT INTO publicservice_contactpoint VALUES('Ps0001','Cp0018');
INSERT INTO publicservice_contactpoint VALUES('Ps0001','Cp0019');
INSERT INTO publicservice_contactpoint VALUES('Ps0001','Cp0020');
INSERT INTO publicservice_contactpoint VALUES('Ps0001','Cp0021');
INSERT INTO publicservice_contactpoint VALUES('Ps0001','Cp0022');
INSERT INTO publicservice_contactpoint VALUES('Ps0001','Cp0023');
INSERT INTO publicservice_contactpoint VALUES('Ps0001','Cp0024');
INSERT INTO publicservice_contactpoint VALUES('Ps0001','Cp0025');
INSERT INTO publicservice_contactpoint VALUES('Ps0001','Cp0026');
INSERT INTO publicservice_contactpoint VALUES('Ps0001','Cp0027');
INSERT INTO publicservice_contactpoint VALUES('Ps0001','Cp0028');
INSERT INTO publicservice_contactpoint VALUES('Ps0001','Cp0029');
INSERT INTO publicservice_contactpoint VALUES('Ps0001','Cp0030');
INSERT INTO publicservice_contactpoint VALUES('Ps0001','Cp0031');
INSERT INTO publicservice_contactpoint VALUES('Ps0001','Cp0032');
INSERT INTO publicservice_contactpoint VALUES('Ps0001','Cp0033');
INSERT INTO publicservice_contactpoint VALUES('Ps0001','Cp0034');
INSERT INTO publicservice_contactpoint VALUES('Ps0001','Cp0035');
INSERT INTO publicservice_contactpoint VALUES('Ps0001','Cp0036');





/* Δημιουργία πίνακα συσχέτισης ΔΥ με Κανάλι και εισαγωγή records*/
/*-------------------------------------------------------------- */
CREATE TABLE publicservice_channel(
identifier_ps 		VARCHAR(10) NOT NULL,
identifier_ch 		VARCHAR(10) NOT NULL,
PRIMARY KEY (identifier_ps, identifier_ch),
FOREIGN KEY(identifier_ps) REFERENCES publicservice(identifier) ON DELETE CASCADE ON UPDATE CASCADE,
FOREIGN KEY(identifier_ch) REFERENCES channel(identifier) ON DELETE CASCADE ON UPDATE CASCADE);

INSERT INTO publicservice_channel VALUES('Ps0001','Ch0001');
INSERT INTO publicservice_channel VALUES('Ps0001','Ch0002');





/* Δημιουργία πίνακα συσχέτισης ΔΥ με Κόστος και εισαγωγή records*/
/*-------------------------------------------------------------- */
CREATE TABLE publicservice_cost(
identifier_ps 		VARCHAR(10) NOT NULL,
identifier_cost 	VARCHAR(10) NOT NULL,
PRIMARY KEY (identifier_ps, identifier_cost),
FOREIGN KEY(identifier_ps) REFERENCES publicservice(identifier) ON DELETE CASCADE ON UPDATE CASCADE,
FOREIGN KEY(identifier_cost) REFERENCES cost(identifier) ON DELETE CASCADE ON UPDATE CASCADE);

INSERT INTO publicservice_cost VALUES('Ps0001','Co0001');
INSERT INTO publicservice_cost VALUES('Ps0001','Co0002');
INSERT INTO publicservice_cost VALUES('Ps0001','Co0003');
INSERT INTO publicservice_cost VALUES('Ps0001','Co0004');
INSERT INTO publicservice_cost VALUES('Ps0001','Co0005');
INSERT INTO publicservice_cost VALUES('Ps0001','Co0006');




/* Δημιουργία πίνακα συσχέτισης ΔΥ με κριτήρια εκπλήρωσης για την παροχή της υπηρεσίας και εισαγωγή records*/
/*-------------------------------------------------------------------------------------------------------- */
CREATE TABLE publicservice_criterionrequirement(
identifier_ps 		VARCHAR(10) NOT NULL,
identifier_cr 		VARCHAR(10) NOT NULL,
PRIMARY KEY (identifier_ps, identifier_cr),
FOREIGN KEY(identifier_ps) REFERENCES publicservice(identifier) ON DELETE CASCADE ON UPDATE CASCADE,
FOREIGN KEY(identifier_cr) REFERENCES criterionrequirement(identifier) ON DELETE CASCADE ON UPDATE CASCADE);

INSERT INTO publicservice_criterionrequirement VALUES('Ps0001','Cr0001');
INSERT INTO publicservice_criterionrequirement VALUES('Ps0001','Cr0002');
INSERT INTO publicservice_criterionrequirement VALUES('Ps0001','Cr0003');
INSERT INTO publicservice_criterionrequirement VALUES('Ps0001','Cr0004');
INSERT INTO publicservice_criterionrequirement VALUES('Ps0001','Cr0005');


/* Δημιουργία πίνακα συσχέτισης ΔΥ με ερωτήσεις */
/*--------------------------------------------- */
CREATE TABLE publicservice_questionfordoc(
identifier_ps 		VARCHAR(10) NOT NULL,
identifier_q 		VARCHAR(10) NOT NULL,
PRIMARY KEY (identifier_ps, identifier_q),
FOREIGN KEY(identifier_ps) REFERENCES publicservice(identifier) ON DELETE CASCADE ON UPDATE CASCADE,
FOREIGN KEY(identifier_q) REFERENCES questionfordoc(identifier) ON DELETE CASCADE ON UPDATE CASCADE);

INSERT INTO publicservice_questionfordoc VALUES('Ps0001','Q0001');
INSERT INTO publicservice_questionfordoc VALUES('Ps0001','Q0002');
INSERT INTO publicservice_questionfordoc VALUES('Ps0001','Q0003');
INSERT INTO publicservice_questionfordoc VALUES('Ps0001','Q0004');
INSERT INTO publicservice_questionfordoc VALUES('Ps0001','Q0005');
INSERT INTO publicservice_questionfordoc VALUES('Ps0001','Q0006');
INSERT INTO publicservice_questionfordoc VALUES('Ps0001','Q0007');
INSERT INTO publicservice_questionfordoc VALUES('Ps0001','Q0008');
INSERT INTO publicservice_questionfordoc VALUES('Ps0001','Q0009');
INSERT INTO publicservice_questionfordoc VALUES('Ps0001','Q0010');
INSERT INTO publicservice_questionfordoc VALUES('Ps0001','Q0011');
INSERT INTO publicservice_questionfordoc VALUES('Ps0001','Q0012');



/* Δημιουργία πίνακα feedback */
/* -------------------------- */

CREATE TABLE feedback(
id 					MEDIUMINT NOT NULL AUTO_INCREMENT,
ts 					TIMESTAMP NOT NULL DEFAULT CURRENT_TIMESTAMP, 
vote_Useful 		VARCHAR(10), 
PRIMARY KEY (Id));

